policy,case_id,kind,split,condition,task_index,layout,endpoint,steps
native,Hx_00_26_target0_visible,H,train,visible,13,Hx_00_26,True,5
best,Hx_00_26_target0_visible,H,train,visible,13,Hx_00_26,True,5
stage2_best,Hx_00_26_target0_visible,H,train,visible,13,Hx_00_26,True,5
native,Hx_00_26_target0_hidden,H,train,hidden,13,Hx_00_26,True,5
best,Hx_00_26_target0_hidden,H,train,hidden,13,Hx_00_26,True,5
stage2_best,Hx_00_26_target0_hidden,H,train,hidden,13,Hx_00_26,True,5
native,Hx_00_26_target1_visible,H,train,visible,13,Hx_00_26,True,5
best,Hx_00_26_target1_visible,H,train,visible,13,Hx_00_26,True,5
stage2_best,Hx_00_26_target1_visible,H,train,visible,13,Hx_00_26,True,5
native,Hx_00_26_target1_hidden,H,train,hidden,13,Hx_00_26,False,5
best,Hx_00_26_target1_hidden,H,train,hidden,13,Hx_00_26,True,5
stage2_best,Hx_00_26_target1_hidden,H,train,hidden,13,Hx_00_26,True,5
native,Hx_00_34_target0_visible,H,train,visible,13,Hx_00_34,True,5
best,Hx_00_34_target0_visible,H,train,visible,13,Hx_00_34,True,5
stage2_best,Hx_00_34_target0_visible,H,train,visible,13,Hx_00_34,True,5
native,Hx_00_34_target0_hidden,H,train,hidden,13,Hx_00_34,True,5
best,Hx_00_34_target0_hidden,H,train,hidden,13,Hx_00_34,True,5
stage2_best,Hx_00_34_target0_hidden,H,train,hidden,13,Hx_00_34,True,5
native,Hx_00_34_target1_visible,H,train,visible,13,Hx_00_34,True,5
best,Hx_00_34_target1_visible,H,train,visible,13,Hx_00_34,True,5
stage2_best,Hx_00_34_target1_visible,H,train,visible,13,Hx_00_34,True,5
native,Hx_00_34_target1_hidden,H,train,hidden,13,Hx_00_34,False,5
best,Hx_00_34_target1_hidden,H,train,hidden,13,Hx_00_34,True,5
stage2_best,Hx_00_34_target1_hidden,H,train,hidden,13,Hx_00_34,True,5
native,Hx_05_22_target0_visible,H,test,visible,9,Hx_05_22,True,5
best,Hx_05_22_target0_visible,H,test,visible,9,Hx_05_22,False,5
stage2_best,Hx_05_22_target0_visible,H,test,visible,9,Hx_05_22,False,5
native,Hx_05_22_target0_hidden,H,test,hidden,9,Hx_05_22,False,5
best,Hx_05_22_target0_hidden,H,test,hidden,9,Hx_05_22,True,5
stage2_best,Hx_05_22_target0_hidden,H,test,hidden,9,Hx_05_22,False,5
native,Hx_05_22_target1_visible,H,test,visible,9,Hx_05_22,True,5
best,Hx_05_22_target1_visible,H,test,visible,9,Hx_05_22,True,5
stage2_best,Hx_05_22_target1_visible,H,test,visible,9,Hx_05_22,True,5
native,Hx_05_22_target1_hidden,H,test,hidden,9,Hx_05_22,False,5
best,Hx_05_22_target1_hidden,H,test,hidden,9,Hx_05_22,True,5
stage2_best,Hx_05_22_target1_hidden,H,test,hidden,9,Hx_05_22,True,5
native,Hx_05_26_target0_visible,H,test,visible,9,Hx_05_26,True,5
best,Hx_05_26_target0_visible,H,test,visible,9,Hx_05_26,True,5
stage2_best,Hx_05_26_target0_visible,H,test,visible,9,Hx_05_26,True,5
native,Hx_05_26_target0_hidden,H,test,hidden,9,Hx_05_26,False,5
best,Hx_05_26_target0_hidden,H,test,hidden,9,Hx_05_26,True,5
stage2_best,Hx_05_26_target0_hidden,H,test,hidden,9,Hx_05_26,True,5
native,Hx_05_26_target1_visible,H,test,visible,9,Hx_05_26,True,5
best,Hx_05_26_target1_visible,H,test,visible,9,Hx_05_26,True,5
stage2_best,Hx_05_26_target1_visible,H,test,visible,9,Hx_05_26,True,5
native,Hx_05_26_target1_hidden,H,test,hidden,9,Hx_05_26,False,5
best,Hx_05_26_target1_hidden,H,test,hidden,9,Hx_05_26,False,5
stage2_best,Hx_05_26_target1_hidden,H,test,hidden,9,Hx_05_26,True,5
native,Hx_05_34_target0_visible,H,test,visible,9,Hx_05_34,True,5
best,Hx_05_34_target0_visible,H,test,visible,9,Hx_05_34,True,5
stage2_best,Hx_05_34_target0_visible,H,test,visible,9,Hx_05_34,True,5
native,Hx_05_34_target0_hidden,H,test,hidden,9,Hx_05_34,True,5
best,Hx_05_34_target0_hidden,H,test,hidden,9,Hx_05_34,True,5
stage2_best,Hx_05_34_target0_hidden,H,test,hidden,9,Hx_05_34,True,5
native,Hx_05_34_target1_visible,H,test,visible,9,Hx_05_34,True,5
best,Hx_05_34_target1_visible,H,test,visible,9,Hx_05_34,False,5
stage2_best,Hx_05_34_target1_visible,H,test,visible,9,Hx_05_34,False,5
native,Hx_05_34_target1_hidden,H,test,hidden,9,Hx_05_34,False,5
best,Hx_05_34_target1_hidden,H,test,hidden,9,Hx_05_34,True,5
stage2_best,Hx_05_34_target1_hidden,H,test,hidden,9,Hx_05_34,True,5
native,Hx_05_44_target0_visible,H,test,visible,9,Hx_05_44,True,5
best,Hx_05_44_target0_visible,H,test,visible,9,Hx_05_44,True,5
stage2_best,Hx_05_44_target0_visible,H,test,visible,9,Hx_05_44,True,5
native,Hx_05_44_target0_hidden,H,test,hidden,9,Hx_05_44,False,5
best,Hx_05_44_target0_hidden,H,test,hidden,9,Hx_05_44,True,5
stage2_best,Hx_05_44_target0_hidden,H,test,hidden,9,Hx_05_44,True,5
native,Hx_05_44_target1_visible,H,test,visible,9,Hx_05_44,True,5
best,Hx_05_44_target1_visible,H,test,visible,9,Hx_05_44,True,5
stage2_best,Hx_05_44_target1_visible,H,test,visible,9,Hx_05_44,True,5
native,Hx_05_44_target1_hidden,H,test,hidden,9,Hx_05_44,False,5
best,Hx_05_44_target1_hidden,H,test,hidden,9,Hx_05_44,True,5
stage2_best,Hx_05_44_target1_hidden,H,test,hidden,9,Hx_05_44,True,5
native,Hx_02_22_target0_visible,H,train,visible,26,Hx_02_22,True,5
best,Hx_02_22_target0_visible,H,train,visible,26,Hx_02_22,True,5
stage2_best,Hx_02_22_target0_visible,H,train,visible,26,Hx_02_22,True,5
native,Hx_02_22_target0_hidden,H,train,hidden,26,Hx_02_22,True,5
best,Hx_02_22_target0_hidden,H,train,hidden,26,Hx_02_22,True,5
stage2_best,Hx_02_22_target0_hidden,H,train,hidden,26,Hx_02_22,True,5
native,Hx_02_22_target1_visible,H,train,visible,26,Hx_02_22,True,5
best,Hx_02_22_target1_visible,H,train,visible,26,Hx_02_22,True,5
stage2_best,Hx_02_22_target1_visible,H,train,visible,26,Hx_02_22,True,5
native,Hx_02_22_target1_hidden,H,train,hidden,26,Hx_02_22,False,5
best,Hx_02_22_target1_hidden,H,train,hidden,26,Hx_02_22,True,5
stage2_best,Hx_02_22_target1_hidden,H,train,hidden,26,Hx_02_22,True,5
native,Hx_02_26_target0_visible,H,train,visible,26,Hx_02_26,True,5
best,Hx_02_26_target0_visible,H,train,visible,26,Hx_02_26,True,5
stage2_best,Hx_02_26_target0_visible,H,train,visible,26,Hx_02_26,True,5
native,Hx_02_26_target0_hidden,H,train,hidden,26,Hx_02_26,True,5
best,Hx_02_26_target0_hidden,H,train,hidden,26,Hx_02_26,True,5
stage2_best,Hx_02_26_target0_hidden,H,train,hidden,26,Hx_02_26,True,5
native,Hx_02_26_target1_visible,H,train,visible,26,Hx_02_26,True,5
best,Hx_02_26_target1_visible,H,train,visible,26,Hx_02_26,True,5
stage2_best,Hx_02_26_target1_visible,H,train,visible,26,Hx_02_26,True,5
native,Hx_02_26_target1_hidden,H,train,hidden,26,Hx_02_26,False,5
best,Hx_02_26_target1_hidden,H,train,hidden,26,Hx_02_26,True,5
stage2_best,Hx_02_26_target1_hidden,H,train,hidden,26,Hx_02_26,True,5
native,Hx_02_34_target0_visible,H,train,visible,26,Hx_02_34,True,5
best,Hx_02_34_target0_visible,H,train,visible,26,Hx_02_34,True,5
stage2_best,Hx_02_34_target0_visible,H,train,visible,26,Hx_02_34,True,5
native,Hx_02_34_target0_hidden,H,train,hidden,26,Hx_02_34,True,5
best,Hx_02_34_target0_hidden,H,train,hidden,26,Hx_02_34,True,5
stage2_best,Hx_02_34_target0_hidden,H,train,hidden,26,Hx_02_34,True,5
native,Hx_02_34_target1_visible,H,train,visible,26,Hx_02_34,True,5
best,Hx_02_34_target1_visible,H,train,visible,26,Hx_02_34,True,5
stage2_best,Hx_02_34_target1_visible,H,train,visible,26,Hx_02_34,True,5
native,Hx_02_34_target1_hidden,H,train,hidden,26,Hx_02_34,False,5
best,Hx_02_34_target1_hidden,H,train,hidden,26,Hx_02_34,True,5
stage2_best,Hx_02_34_target1_hidden,H,train,hidden,26,Hx_02_34,True,5
native,Hx_02_44_target0_visible,H,train,visible,26,Hx_02_44,True,5
best,Hx_02_44_target0_visible,H,train,visible,26,Hx_02_44,True,5
stage2_best,Hx_02_44_target0_visible,H,train,visible,26,Hx_02_44,True,5
native,Hx_02_44_target0_hidden,H,train,hidden,26,Hx_02_44,True,5
best,Hx_02_44_target0_hidden,H,train,hidden,26,Hx_02_44,True,5
stage2_best,Hx_02_44_target0_hidden,H,train,hidden,26,Hx_02_44,True,5
native,Hx_02_44_target1_visible,H,train,visible,26,Hx_02_44,True,5
best,Hx_02_44_target1_visible,H,train,visible,26,Hx_02_44,True,5
stage2_best,Hx_02_44_target1_visible,H,train,visible,26,Hx_02_44,True,5
native,Hx_02_44_target1_hidden,H,train,hidden,26,Hx_02_44,False,5
best,Hx_02_44_target1_hidden,H,train,hidden,26,Hx_02_44,True,5
stage2_best,Hx_02_44_target1_hidden,H,train,hidden,26,Hx_02_44,True,5
native,Hx_03_22_target0_visible,H,test,visible,27,Hx_03_22,True,5
best,Hx_03_22_target0_visible,H,test,visible,27,Hx_03_22,True,5
stage2_best,Hx_03_22_target0_visible,H,test,visible,27,Hx_03_22,True,5
native,Hx_03_22_target0_hidden,H,test,hidden,27,Hx_03_22,False,5
best,Hx_03_22_target0_hidden,H,test,hidden,27,Hx_03_22,True,5
stage2_best,Hx_03_22_target0_hidden,H,test,hidden,27,Hx_03_22,True,5
native,Hx_03_22_target1_visible,H,test,visible,27,Hx_03_22,True,5
best,Hx_03_22_target1_visible,H,test,visible,27,Hx_03_22,True,5
stage2_best,Hx_03_22_target1_visible,H,test,visible,27,Hx_03_22,True,5
native,Hx_03_22_target1_hidden,H,test,hidden,27,Hx_03_22,False,5
best,Hx_03_22_target1_hidden,H,test,hidden,27,Hx_03_22,True,5
stage2_best,Hx_03_22_target1_hidden,H,test,hidden,27,Hx_03_22,True,5
native,Hx_03_26_target0_visible,H,test,visible,27,Hx_03_26,True,5
best,Hx_03_26_target0_visible,H,test,visible,27,Hx_03_26,True,5
stage2_best,Hx_03_26_target0_visible,H,test,visible,27,Hx_03_26,True,5
native,Hx_03_26_target0_hidden,H,test,hidden,27,Hx_03_26,False,5
best,Hx_03_26_target0_hidden,H,test,hidden,27,Hx_03_26,True,5
stage2_best,Hx_03_26_target0_hidden,H,test,hidden,27,Hx_03_26,True,5
native,Hx_03_26_target1_visible,H,test,visible,27,Hx_03_26,True,5
best,Hx_03_26_target1_visible,H,test,visible,27,Hx_03_26,True,5
stage2_best,Hx_03_26_target1_visible,H,test,visible,27,Hx_03_26,True,5
native,Hx_03_26_target1_hidden,H,test,hidden,27,Hx_03_26,False,5
best,Hx_03_26_target1_hidden,H,test,hidden,27,Hx_03_26,True,5
stage2_best,Hx_03_26_target1_hidden,H,test,hidden,27,Hx_03_26,True,5
native,Hx_03_44_target0_visible,H,test,visible,27,Hx_03_44,True,5
best,Hx_03_44_target0_visible,H,test,visible,27,Hx_03_44,True,5
stage2_best,Hx_03_44_target0_visible,H,test,visible,27,Hx_03_44,True,5
native,Hx_03_44_target0_hidden,H,test,hidden,27,Hx_03_44,False,5
best,Hx_03_44_target0_hidden,H,test,hidden,27,Hx_03_44,True,5
stage2_best,Hx_03_44_target0_hidden,H,test,hidden,27,Hx_03_44,True,5
native,Hx_03_44_target1_visible,H,test,visible,27,Hx_03_44,True,5
best,Hx_03_44_target1_visible,H,test,visible,27,Hx_03_44,True,5
stage2_best,Hx_03_44_target1_visible,H,test,visible,27,Hx_03_44,True,5
native,Hx_03_44_target1_hidden,H,test,hidden,27,Hx_03_44,False,5
best,Hx_03_44_target1_hidden,H,test,hidden,27,Hx_03_44,True,5
stage2_best,Hx_03_44_target1_hidden,H,test,hidden,27,Hx_03_44,True,5
native,Px_00_22_normal,P,train,normal,13,Px_00_22,True,75
best,Px_00_22_normal,P,train,normal,13,Px_00_22,True,80
stage2_best,Px_00_22_normal,P,train,normal,13,Px_00_22,True,85
native,Px_00_22_minus_y,P,train,minus_y,13,Px_00_22,True,70
best,Px_00_22_minus_y,P,train,minus_y,13,Px_00_22,True,75
stage2_best,Px_00_22_minus_y,P,train,minus_y,13,Px_00_22,False,300
native,Px_00_22_plus_y,P,train,plus_y,13,Px_00_22,True,80
best,Px_00_22_plus_y,P,train,plus_y,13,Px_00_22,True,90
stage2_best,Px_00_22_plus_y,P,train,plus_y,13,Px_00_22,True,80
native,Px_00_26_normal,P,train,normal,13,Px_00_26,True,80
best,Px_00_26_normal,P,train,normal,13,Px_00_26,True,95
stage2_best,Px_00_26_normal,P,train,normal,13,Px_00_26,True,95
native,Px_00_26_minus_y,P,train,minus_y,13,Px_00_26,True,75
best,Px_00_26_minus_y,P,train,minus_y,13,Px_00_26,True,85
stage2_best,Px_00_26_minus_y,P,train,minus_y,13,Px_00_26,True,90
native,Px_00_26_plus_y,P,train,plus_y,13,Px_00_26,True,115
best,Px_00_26_plus_y,P,train,plus_y,13,Px_00_26,True,90
stage2_best,Px_00_26_plus_y,P,train,plus_y,13,Px_00_26,True,100
native,Px_00_34_normal,P,train,normal,13,Px_00_34,True,75
best,Px_00_34_normal,P,train,normal,13,Px_00_34,True,75
stage2_best,Px_00_34_normal,P,train,normal,13,Px_00_34,True,75
native,Px_00_34_minus_y,P,train,minus_y,13,Px_00_34,True,75
best,Px_00_34_minus_y,P,train,minus_y,13,Px_00_34,True,85
stage2_best,Px_00_34_minus_y,P,train,minus_y,13,Px_00_34,True,90
native,Px_00_34_plus_y,P,train,plus_y,13,Px_00_34,True,75
best,Px_00_34_plus_y,P,train,plus_y,13,Px_00_34,True,80
stage2_best,Px_00_34_plus_y,P,train,plus_y,13,Px_00_34,True,80
native,Px_00_44_normal,P,train,normal,13,Px_00_44,True,70
best,Px_00_44_normal,P,train,normal,13,Px_00_44,True,80
stage2_best,Px_00_44_normal,P,train,normal,13,Px_00_44,True,80
native,Px_00_44_minus_y,P,train,minus_y,13,Px_00_44,True,75
best,Px_00_44_minus_y,P,train,minus_y,13,Px_00_44,True,80
stage2_best,Px_00_44_minus_y,P,train,minus_y,13,Px_00_44,True,80
native,Px_00_44_plus_y,P,train,plus_y,13,Px_00_44,True,80
best,Px_00_44_plus_y,P,train,plus_y,13,Px_00_44,True,90
stage2_best,Px_00_44_plus_y,P,train,plus_y,13,Px_00_44,True,85
native,Px_05_22_normal,P,test,normal,9,Px_05_22,False,500
best,Px_05_22_normal,P,test,normal,9,Px_05_22,True,215
stage2_best,Px_05_22_normal,P,test,normal,9,Px_05_22,True,185
native,Px_05_22_minus_y,P,test,minus_y,9,Px_05_22,True,165
best,Px_05_22_minus_y,P,test,minus_y,9,Px_05_22,True,180
stage2_best,Px_05_22_minus_y,P,test,minus_y,9,Px_05_22,True,210
native,Px_05_22_plus_y,P,test,plus_y,9,Px_05_22,True,195
best,Px_05_22_plus_y,P,test,plus_y,9,Px_05_22,True,195
stage2_best,Px_05_22_plus_y,P,test,plus_y,9,Px_05_22,True,185
native,Px_05_26_normal,P,test,normal,9,Px_05_26,True,215
best,Px_05_26_normal,P,test,normal,9,Px_05_26,True,155
stage2_best,Px_05_26_normal,P,test,normal,9,Px_05_26,True,160
native,Px_05_26_minus_y,P,test,minus_y,9,Px_05_26,True,145
best,Px_05_26_minus_y,P,test,minus_y,9,Px_05_26,True,185
stage2_best,Px_05_26_minus_y,P,test,minus_y,9,Px_05_26,True,210
native,Px_05_26_plus_y,P,test,plus_y,9,Px_05_26,True,165
best,Px_05_26_plus_y,P,test,plus_y,9,Px_05_26,True,185
stage2_best,Px_05_26_plus_y,P,test,plus_y,9,Px_05_26,False,500
native,Px_05_34_normal,P,test,normal,9,Px_05_34,True,160
best,Px_05_34_normal,P,test,normal,9,Px_05_34,True,180
stage2_best,Px_05_34_normal,P,test,normal,9,Px_05_34,True,165
native,Px_05_34_minus_y,P,test,minus_y,9,Px_05_34,True,150
best,Px_05_34_minus_y,P,test,minus_y,9,Px_05_34,True,170
stage2_best,Px_05_34_minus_y,P,test,minus_y,9,Px_05_34,True,165
native,Px_05_34_plus_y,P,test,plus_y,9,Px_05_34,True,170
best,Px_05_34_plus_y,P,test,plus_y,9,Px_05_34,True,180
stage2_best,Px_05_34_plus_y,P,test,plus_y,9,Px_05_34,True,180
native,Px_05_44_normal,P,test,normal,9,Px_05_44,True,190
best,Px_05_44_normal,P,test,normal,9,Px_05_44,True,165
stage2_best,Px_05_44_normal,P,test,normal,9,Px_05_44,True,150
native,Px_05_44_minus_y,P,test,minus_y,9,Px_05_44,True,165
best,Px_05_44_minus_y,P,test,minus_y,9,Px_05_44,True,170
stage2_best,Px_05_44_minus_y,P,test,minus_y,9,Px_05_44,True,160
native,Px_05_44_plus_y,P,test,plus_y,9,Px_05_44,True,165
best,Px_05_44_plus_y,P,test,plus_y,9,Px_05_44,True,175
stage2_best,Px_05_44_plus_y,P,test,plus_y,9,Px_05_44,True,175
native,Px_01_22_normal,P,train,normal,17,Px_01_22,True,160
best,Px_01_22_normal,P,train,normal,17,Px_01_22,True,120
stage2_best,Px_01_22_normal,P,train,normal,17,Px_01_22,True,120
native,Px_01_22_minus_y,P,train,minus_y,17,Px_01_22,True,125
best,Px_01_22_minus_y,P,train,minus_y,17,Px_01_22,True,145
stage2_best,Px_01_22_minus_y,P,train,minus_y,17,Px_01_22,True,265
native,Px_01_22_plus_y,P,train,plus_y,17,Px_01_22,True,130
best,Px_01_22_plus_y,P,train,plus_y,17,Px_01_22,True,120
stage2_best,Px_01_22_plus_y,P,train,plus_y,17,Px_01_22,True,130
native,Px_01_26_normal,P,train,normal,17,Px_01_26,True,125
best,Px_01_26_normal,P,train,normal,17,Px_01_26,True,135
stage2_best,Px_01_26_normal,P,train,normal,17,Px_01_26,True,145
native,Px_01_26_minus_y,P,train,minus_y,17,Px_01_26,True,120
best,Px_01_26_minus_y,P,train,minus_y,17,Px_01_26,True,125
stage2_best,Px_01_26_minus_y,P,train,minus_y,17,Px_01_26,True,120
native,Px_01_26_plus_y,P,train,plus_y,17,Px_01_26,True,125
best,Px_01_26_plus_y,P,train,plus_y,17,Px_01_26,True,125
stage2_best,Px_01_26_plus_y,P,train,plus_y,17,Px_01_26,True,120
native,Px_01_34_normal,P,train,normal,17,Px_01_34,True,130
best,Px_01_34_normal,P,train,normal,17,Px_01_34,True,120
stage2_best,Px_01_34_normal,P,train,normal,17,Px_01_34,True,130
native,Px_01_34_minus_y,P,train,minus_y,17,Px_01_34,False,300
best,Px_01_34_minus_y,P,train,minus_y,17,Px_01_34,False,300
stage2_best,Px_01_34_minus_y,P,train,minus_y,17,Px_01_34,False,300
native,Px_01_34_plus_y,P,train,plus_y,17,Px_01_34,True,235
best,Px_01_34_plus_y,P,train,plus_y,17,Px_01_34,True,125
stage2_best,Px_01_34_plus_y,P,train,plus_y,17,Px_01_34,True,125
native,Px_01_44_normal,P,train,normal,17,Px_01_44,True,130
best,Px_01_44_normal,P,train,normal,17,Px_01_44,True,125
stage2_best,Px_01_44_normal,P,train,normal,17,Px_01_44,True,130
native,Px_01_44_minus_y,P,train,minus_y,17,Px_01_44,True,130
best,Px_01_44_minus_y,P,train,minus_y,17,Px_01_44,True,120
stage2_best,Px_01_44_minus_y,P,train,minus_y,17,Px_01_44,True,125
native,Px_01_44_plus_y,P,train,plus_y,17,Px_01_44,True,135
best,Px_01_44_plus_y,P,train,plus_y,17,Px_01_44,True,130
stage2_best,Px_01_44_plus_y,P,train,plus_y,17,Px_01_44,True,135
native,Px_04_22_normal,P,validation,normal,24,Px_04_22,True,170
best,Px_04_22_normal,P,validation,normal,24,Px_04_22,True,125
stage2_best,Px_04_22_normal,P,validation,normal,24,Px_04_22,True,135
native,Px_04_22_minus_y,P,validation,minus_y,24,Px_04_22,True,125
best,Px_04_22_minus_y,P,validation,minus_y,24,Px_04_22,True,125
stage2_best,Px_04_22_minus_y,P,validation,minus_y,24,Px_04_22,True,120
native,Px_04_22_plus_y,P,validation,plus_y,24,Px_04_22,True,120
best,Px_04_22_plus_y,P,validation,plus_y,24,Px_04_22,True,135
stage2_best,Px_04_22_plus_y,P,validation,plus_y,24,Px_04_22,True,170
native,Px_04_26_normal,P,validation,normal,24,Px_04_26,True,125
best,Px_04_26_normal,P,validation,normal,24,Px_04_26,True,165
stage2_best,Px_04_26_normal,P,validation,normal,24,Px_04_26,True,170
native,Px_04_26_minus_y,P,validation,minus_y,24,Px_04_26,True,300
best,Px_04_26_minus_y,P,validation,minus_y,24,Px_04_26,True,150
stage2_best,Px_04_26_minus_y,P,validation,minus_y,24,Px_04_26,True,150
native,Px_04_26_plus_y,P,validation,plus_y,24,Px_04_26,True,115
best,Px_04_26_plus_y,P,validation,plus_y,24,Px_04_26,True,150
stage2_best,Px_04_26_plus_y,P,validation,plus_y,24,Px_04_26,True,130
native,Px_04_34_normal,P,validation,normal,24,Px_04_34,True,170
best,Px_04_34_normal,P,validation,normal,24,Px_04_34,True,155
stage2_best,Px_04_34_normal,P,validation,normal,24,Px_04_34,True,130
native,Px_04_34_minus_y,P,validation,minus_y,24,Px_04_34,True,125
best,Px_04_34_minus_y,P,validation,minus_y,24,Px_04_34,True,125
stage2_best,Px_04_34_minus_y,P,validation,minus_y,24,Px_04_34,True,125
native,Px_04_34_plus_y,P,validation,plus_y,24,Px_04_34,True,115
best,Px_04_34_plus_y,P,validation,plus_y,24,Px_04_34,True,130
stage2_best,Px_04_34_plus_y,P,validation,plus_y,24,Px_04_34,True,125
native,Px_04_44_normal,P,validation,normal,24,Px_04_44,True,110
best,Px_04_44_normal,P,validation,normal,24,Px_04_44,True,130
stage2_best,Px_04_44_normal,P,validation,normal,24,Px_04_44,True,125
native,Px_04_44_minus_y,P,validation,minus_y,24,Px_04_44,True,155
best,Px_04_44_minus_y,P,validation,minus_y,24,Px_04_44,True,140
stage2_best,Px_04_44_minus_y,P,validation,minus_y,24,Px_04_44,True,135
native,Px_04_44_plus_y,P,validation,plus_y,24,Px_04_44,True,140
best,Px_04_44_plus_y,P,validation,plus_y,24,Px_04_44,True,140
stage2_best,Px_04_44_plus_y,P,validation,plus_y,24,Px_04_44,True,135
native,Sx_00_22_normal,S,train,normal,0,Sx_00_22,True,245
best,Sx_00_22_normal,S,train,normal,0,Sx_00_22,True,235
stage2_best,Sx_00_22_normal,S,train,normal,0,Sx_00_22,True,250
native,Sx_00_22_camera,S,train,camera,0,Sx_00_22,True,235
best,Sx_00_22_camera,S,train,camera,0,Sx_00_22,True,280
stage2_best,Sx_00_22_camera,S,train,camera,0,Sx_00_22,True,265
native,Sx_00_22_lighting,S,train,lighting,0,Sx_00_22,True,235
best,Sx_00_22_lighting,S,train,lighting,0,Sx_00_22,True,235
stage2_best,Sx_00_22_lighting,S,train,lighting,0,Sx_00_22,True,235
native,Sx_00_22_combined,S,train,combined,0,Sx_00_22,True,225
best,Sx_00_22_combined,S,train,combined,0,Sx_00_22,True,255
stage2_best,Sx_00_22_combined,S,train,combined,0,Sx_00_22,True,260
native,Sx_00_26_normal,S,train,normal,0,Sx_00_26,True,250
best,Sx_00_26_normal,S,train,normal,0,Sx_00_26,True,270
stage2_best,Sx_00_26_normal,S,train,normal,0,Sx_00_26,True,265
native,Sx_00_26_camera,S,train,camera,0,Sx_00_26,True,235
best,Sx_00_26_camera,S,train,camera,0,Sx_00_26,True,290
stage2_best,Sx_00_26_camera,S,train,camera,0,Sx_00_26,False,500
native,Sx_00_26_lighting,S,train,lighting,0,Sx_00_26,True,270
best,Sx_00_26_lighting,S,train,lighting,0,Sx_00_26,True,260
stage2_best,Sx_00_26_lighting,S,train,lighting,0,Sx_00_26,True,260
native,Sx_00_26_combined,S,train,combined,0,Sx_00_26,True,240
best,Sx_00_26_combined,S,train,combined,0,Sx_00_26,True,290
stage2_best,Sx_00_26_combined,S,train,combined,0,Sx_00_26,False,500
native,Sx_00_34_normal,S,train,normal,0,Sx_00_34,True,260
best,Sx_00_34_normal,S,train,normal,0,Sx_00_34,True,260
stage2_best,Sx_00_34_normal,S,train,normal,0,Sx_00_34,True,260
native,Sx_00_34_camera,S,train,camera,0,Sx_00_34,False,500
best,Sx_00_34_camera,S,train,camera,0,Sx_00_34,False,500
stage2_best,Sx_00_34_camera,S,train,camera,0,Sx_00_34,False,500
native,Sx_00_34_lighting,S,train,lighting,0,Sx_00_34,True,265
best,Sx_00_34_lighting,S,train,lighting,0,Sx_00_34,True,260
stage2_best,Sx_00_34_lighting,S,train,lighting,0,Sx_00_34,True,260
native,Sx_00_34_combined,S,train,combined,0,Sx_00_34,False,500
best,Sx_00_34_combined,S,train,combined,0,Sx_00_34,False,500
stage2_best,Sx_00_34_combined,S,train,combined,0,Sx_00_34,True,255
native,Sx_00_44_normal,S,train,normal,0,Sx_00_44,True,245
best,Sx_00_44_normal,S,train,normal,0,Sx_00_44,True,250
stage2_best,Sx_00_44_normal,S,train,normal,0,Sx_00_44,True,230
native,Sx_00_44_camera,S,train,camera,0,Sx_00_44,False,500
best,Sx_00_44_camera,S,train,camera,0,Sx_00_44,True,260
stage2_best,Sx_00_44_camera,S,train,camera,0,Sx_00_44,True,245
native,Sx_00_44_lighting,S,train,lighting,0,Sx_00_44,True,250
best,Sx_00_44_lighting,S,train,lighting,0,Sx_00_44,True,250
stage2_best,Sx_00_44_lighting,S,train,lighting,0,Sx_00_44,True,240
native,Sx_00_44_combined,S,train,combined,0,Sx_00_44,False,500
best,Sx_00_44_combined,S,train,combined,0,Sx_00_44,True,250
stage2_best,Sx_00_44_combined,S,train,combined,0,Sx_00_44,True,235
native,Sx_05_22_normal,S,validation,normal,5,Sx_05_22,True,440
best,Sx_05_22_normal,S,validation,normal,5,Sx_05_22,True,295
stage2_best,Sx_05_22_normal,S,validation,normal,5,Sx_05_22,True,295
native,Sx_05_22_camera,S,validation,camera,5,Sx_05_22,True,255
best,Sx_05_22_camera,S,validation,camera,5,Sx_05_22,True,310
stage2_best,Sx_05_22_camera,S,validation,camera,5,Sx_05_22,True,310
native,Sx_05_22_lighting,S,validation,lighting,5,Sx_05_22,True,460
best,Sx_05_22_lighting,S,validation,lighting,5,Sx_05_22,True,295
stage2_best,Sx_05_22_lighting,S,validation,lighting,5,Sx_05_22,True,295
native,Sx_05_22_combined,S,validation,combined,5,Sx_05_22,True,260
best,Sx_05_22_combined,S,validation,combined,5,Sx_05_22,True,335
stage2_best,Sx_05_22_combined,S,validation,combined,5,Sx_05_22,True,375
native,Sx_05_26_normal,S,validation,normal,5,Sx_05_26,False,500
best,Sx_05_26_normal,S,validation,normal,5,Sx_05_26,True,305
stage2_best,Sx_05_26_normal,S,validation,normal,5,Sx_05_26,True,295
native,Sx_05_26_camera,S,validation,camera,5,Sx_05_26,True,255
best,Sx_05_26_camera,S,validation,camera,5,Sx_05_26,True,260
stage2_best,Sx_05_26_camera,S,validation,camera,5,Sx_05_26,True,245
native,Sx_05_26_lighting,S,validation,lighting,5,Sx_05_26,False,500
best,Sx_05_26_lighting,S,validation,lighting,5,Sx_05_26,True,340
stage2_best,Sx_05_26_lighting,S,validation,lighting,5,Sx_05_26,True,295
native,Sx_05_26_combined,S,validation,combined,5,Sx_05_26,True,255
best,Sx_05_26_combined,S,validation,combined,5,Sx_05_26,True,280
stage2_best,Sx_05_26_combined,S,validation,combined,5,Sx_05_26,True,305
native,Sx_05_34_normal,S,validation,normal,5,Sx_05_34,True,235
best,Sx_05_34_normal,S,validation,normal,5,Sx_05_34,True,260
stage2_best,Sx_05_34_normal,S,validation,normal,5,Sx_05_34,True,295
native,Sx_05_34_camera,S,validation,camera,5,Sx_05_34,True,225
best,Sx_05_34_camera,S,validation,camera,5,Sx_05_34,True,295
stage2_best,Sx_05_34_camera,S,validation,camera,5,Sx_05_34,True,290
native,Sx_05_34_lighting,S,validation,lighting,5,Sx_05_34,True,235
best,Sx_05_34_lighting,S,validation,lighting,5,Sx_05_34,True,260
stage2_best,Sx_05_34_lighting,S,validation,lighting,5,Sx_05_34,True,245
native,Sx_05_34_combined,S,validation,combined,5,Sx_05_34,True,240
best,Sx_05_34_combined,S,validation,combined,5,Sx_05_34,True,255
stage2_best,Sx_05_34_combined,S,validation,combined,5,Sx_05_34,True,245
native,Sx_05_44_normal,S,validation,normal,5,Sx_05_44,True,250
best,Sx_05_44_normal,S,validation,normal,5,Sx_05_44,True,275
stage2_best,Sx_05_44_normal,S,validation,normal,5,Sx_05_44,False,500
native,Sx_05_44_camera,S,validation,camera,5,Sx_05_44,True,315
best,Sx_05_44_camera,S,validation,camera,5,Sx_05_44,True,255
stage2_best,Sx_05_44_camera,S,validation,camera,5,Sx_05_44,True,275
native,Sx_05_44_lighting,S,validation,lighting,5,Sx_05_44,True,250
best,Sx_05_44_lighting,S,validation,lighting,5,Sx_05_44,True,275
stage2_best,Sx_05_44_lighting,S,validation,lighting,5,Sx_05_44,True,285
native,Sx_05_44_combined,S,validation,combined,5,Sx_05_44,True,330
best,Sx_05_44_combined,S,validation,combined,5,Sx_05_44,True,275
stage2_best,Sx_05_44_combined,S,validation,combined,5,Sx_05_44,True,270
native,Sx_10_22_normal,S,train,normal,10,Sx_10_22,True,140
best,Sx_10_22_normal,S,train,normal,10,Sx_10_22,True,120
stage2_best,Sx_10_22_normal,S,train,normal,10,Sx_10_22,True,120
native,Sx_10_22_camera,S,train,camera,10,Sx_10_22,False,300
best,Sx_10_22_camera,S,train,camera,10,Sx_10_22,False,300
stage2_best,Sx_10_22_camera,S,train,camera,10,Sx_10_22,True,185
native,Sx_10_22_lighting,S,train,lighting,10,Sx_10_22,True,140
best,Sx_10_22_lighting,S,train,lighting,10,Sx_10_22,True,120
stage2_best,Sx_10_22_lighting,S,train,lighting,10,Sx_10_22,True,120
native,Sx_10_22_combined,S,train,combined,10,Sx_10_22,False,300
best,Sx_10_22_combined,S,train,combined,10,Sx_10_22,False,300
stage2_best,Sx_10_22_combined,S,train,combined,10,Sx_10_22,False,300
native,Sx_10_26_normal,S,train,normal,10,Sx_10_26,True,125
best,Sx_10_26_normal,S,train,normal,10,Sx_10_26,True,140
stage2_best,Sx_10_26_normal,S,train,normal,10,Sx_10_26,True,125
native,Sx_10_26_camera,S,train,camera,10,Sx_10_26,True,130
best,Sx_10_26_camera,S,train,camera,10,Sx_10_26,True,155
stage2_best,Sx_10_26_camera,S,train,camera,10,Sx_10_26,True,125
native,Sx_10_26_lighting,S,train,lighting,10,Sx_10_26,True,115
best,Sx_10_26_lighting,S,train,lighting,10,Sx_10_26,False,300
stage2_best,Sx_10_26_lighting,S,train,lighting,10,Sx_10_26,True,135
native,Sx_10_26_combined,S,train,combined,10,Sx_10_26,True,135
best,Sx_10_26_combined,S,train,combined,10,Sx_10_26,True,135
stage2_best,Sx_10_26_combined,S,train,combined,10,Sx_10_26,True,125
native,Sx_10_34_normal,S,train,normal,10,Sx_10_34,True,135
best,Sx_10_34_normal,S,train,normal,10,Sx_10_34,False,300
stage2_best,Sx_10_34_normal,S,train,normal,10,Sx_10_34,True,140
native,Sx_10_34_camera,S,train,camera,10,Sx_10_34,True,130
best,Sx_10_34_camera,S,train,camera,10,Sx_10_34,True,235
stage2_best,Sx_10_34_camera,S,train,camera,10,Sx_10_34,True,120
native,Sx_10_34_lighting,S,train,lighting,10,Sx_10_34,True,135
best,Sx_10_34_lighting,S,train,lighting,10,Sx_10_34,True,125
stage2_best,Sx_10_34_lighting,S,train,lighting,10,Sx_10_34,False,300
native,Sx_10_34_combined,S,train,combined,10,Sx_10_34,True,140
best,Sx_10_34_combined,S,train,combined,10,Sx_10_34,True,150
stage2_best,Sx_10_34_combined,S,train,combined,10,Sx_10_34,True,125
native,Sx_10_44_normal,S,train,normal,10,Sx_10_44,True,135
best,Sx_10_44_normal,S,train,normal,10,Sx_10_44,True,150
stage2_best,Sx_10_44_normal,S,train,normal,10,Sx_10_44,True,135
native,Sx_10_44_camera,S,train,camera,10,Sx_10_44,False,300
best,Sx_10_44_camera,S,train,camera,10,Sx_10_44,True,210
stage2_best,Sx_10_44_camera,S,train,camera,10,Sx_10_44,True,135
native,Sx_10_44_lighting,S,train,lighting,10,Sx_10_44,True,120
best,Sx_10_44_lighting,S,train,lighting,10,Sx_10_44,True,140
stage2_best,Sx_10_44_lighting,S,train,lighting,10,Sx_10_44,True,135
native,Sx_10_44_combined,S,train,combined,10,Sx_10_44,False,300
best,Sx_10_44_combined,S,train,combined,10,Sx_10_44,True,210
stage2_best,Sx_10_44_combined,S,train,combined,10,Sx_10_44,False,300
native,Sx_15_22_normal,S,train,normal,15,Sx_15_22,True,85
best,Sx_15_22_normal,S,train,normal,15,Sx_15_22,True,100
stage2_best,Sx_15_22_normal,S,train,normal,15,Sx_15_22,True,90
native,Sx_15_22_camera,S,train,camera,15,Sx_15_22,True,85
best,Sx_15_22_camera,S,train,camera,15,Sx_15_22,True,95
stage2_best,Sx_15_22_camera,S,train,camera,15,Sx_15_22,True,95
native,Sx_15_22_lighting,S,train,lighting,15,Sx_15_22,True,85
best,Sx_15_22_lighting,S,train,lighting,15,Sx_15_22,True,100
stage2_best,Sx_15_22_lighting,S,train,lighting,15,Sx_15_22,True,95
native,Sx_15_22_combined,S,train,combined,15,Sx_15_22,True,90
best,Sx_15_22_combined,S,train,combined,15,Sx_15_22,True,100
stage2_best,Sx_15_22_combined,S,train,combined,15,Sx_15_22,False,300
native,Sx_15_26_normal,S,train,normal,15,Sx_15_26,True,90
best,Sx_15_26_normal,S,train,normal,15,Sx_15_26,True,95
stage2_best,Sx_15_26_normal,S,train,normal,15,Sx_15_26,True,85
native,Sx_15_26_camera,S,train,camera,15,Sx_15_26,True,85
best,Sx_15_26_camera,S,train,camera,15,Sx_15_26,True,90
stage2_best,Sx_15_26_camera,S,train,camera,15,Sx_15_26,True,90
native,Sx_15_26_lighting,S,train,lighting,15,Sx_15_26,True,90
best,Sx_15_26_lighting,S,train,lighting,15,Sx_15_26,True,95
stage2_best,Sx_15_26_lighting,S,train,lighting,15,Sx_15_26,True,85
native,Sx_15_26_combined,S,train,combined,15,Sx_15_26,True,75
best,Sx_15_26_combined,S,train,combined,15,Sx_15_26,True,90
stage2_best,Sx_15_26_combined,S,train,combined,15,Sx_15_26,True,90
native,Sx_15_34_normal,S,train,normal,15,Sx_15_34,True,90
best,Sx_15_34_normal,S,train,normal,15,Sx_15_34,True,90
stage2_best,Sx_15_34_normal,S,train,normal,15,Sx_15_34,True,85
native,Sx_15_34_camera,S,train,camera,15,Sx_15_34,True,90
best,Sx_15_34_camera,S,train,camera,15,Sx_15_34,True,90
stage2_best,Sx_15_34_camera,S,train,camera,15,Sx_15_34,True,95
native,Sx_15_34_lighting,S,train,lighting,15,Sx_15_34,True,90
best,Sx_15_34_lighting,S,train,lighting,15,Sx_15_34,True,90
stage2_best,Sx_15_34_lighting,S,train,lighting,15,Sx_15_34,True,85
native,Sx_15_34_combined,S,train,combined,15,Sx_15_34,True,90
best,Sx_15_34_combined,S,train,combined,15,Sx_15_34,True,95
stage2_best,Sx_15_34_combined,S,train,combined,15,Sx_15_34,True,90
native,Sx_15_44_normal,S,train,normal,15,Sx_15_44,True,80
best,Sx_15_44_normal,S,train,normal,15,Sx_15_44,True,85
stage2_best,Sx_15_44_normal,S,train,normal,15,Sx_15_44,True,90
native,Sx_15_44_camera,S,train,camera,15,Sx_15_44,True,80
best,Sx_15_44_camera,S,train,camera,15,Sx_15_44,True,85
stage2_best,Sx_15_44_camera,S,train,camera,15,Sx_15_44,True,85
native,Sx_15_44_lighting,S,train,lighting,15,Sx_15_44,True,80
best,Sx_15_44_lighting,S,train,lighting,15,Sx_15_44,True,90
stage2_best,Sx_15_44_lighting,S,train,lighting,15,Sx_15_44,True,85
native,Sx_15_44_combined,S,train,combined,15,Sx_15_44,True,80
best,Sx_15_44_combined,S,train,combined,15,Sx_15_44,True,85
stage2_best,Sx_15_44_combined,S,train,combined,15,Sx_15_44,True,90
native,Sx_20_22_normal,S,train,normal,20,Sx_20_22,True,145
best,Sx_20_22_normal,S,train,normal,20,Sx_20_22,True,145
stage2_best,Sx_20_22_normal,S,train,normal,20,Sx_20_22,True,135
native,Sx_20_22_camera,S,train,camera,20,Sx_20_22,True,145
best,Sx_20_22_camera,S,train,camera,20,Sx_20_22,True,130
stage2_best,Sx_20_22_camera,S,train,camera,20,Sx_20_22,True,140
native,Sx_20_22_lighting,S,train,lighting,20,Sx_20_22,True,135
best,Sx_20_22_lighting,S,train,lighting,20,Sx_20_22,True,140
stage2_best,Sx_20_22_lighting,S,train,lighting,20,Sx_20_22,True,140
native,Sx_20_22_combined,S,train,combined,20,Sx_20_22,True,160
best,Sx_20_22_combined,S,train,combined,20,Sx_20_22,True,140
stage2_best,Sx_20_22_combined,S,train,combined,20,Sx_20_22,True,145
native,Sx_20_26_normal,S,train,normal,20,Sx_20_26,True,130
best,Sx_20_26_normal,S,train,normal,20,Sx_20_26,True,170
stage2_best,Sx_20_26_normal,S,train,normal,20,Sx_20_26,True,145
native,Sx_20_26_camera,S,train,camera,20,Sx_20_26,True,150
best,Sx_20_26_camera,S,train,camera,20,Sx_20_26,True,145
stage2_best,Sx_20_26_camera,S,train,camera,20,Sx_20_26,True,145
native,Sx_20_26_lighting,S,train,lighting,20,Sx_20_26,True,130
best,Sx_20_26_lighting,S,train,lighting,20,Sx_20_26,True,155
stage2_best,Sx_20_26_lighting,S,train,lighting,20,Sx_20_26,True,150
native,Sx_20_26_combined,S,train,combined,20,Sx_20_26,True,160
best,Sx_20_26_combined,S,train,combined,20,Sx_20_26,True,140
stage2_best,Sx_20_26_combined,S,train,combined,20,Sx_20_26,True,150
native,Sx_20_34_normal,S,train,normal,20,Sx_20_34,True,140
best,Sx_20_34_normal,S,train,normal,20,Sx_20_34,True,135
stage2_best,Sx_20_34_normal,S,train,normal,20,Sx_20_34,True,145
native,Sx_20_34_camera,S,train,camera,20,Sx_20_34,True,135
best,Sx_20_34_camera,S,train,camera,20,Sx_20_34,True,160
stage2_best,Sx_20_34_camera,S,train,camera,20,Sx_20_34,True,140
native,Sx_20_34_lighting,S,train,lighting,20,Sx_20_34,True,140
best,Sx_20_34_lighting,S,train,lighting,20,Sx_20_34,True,150
stage2_best,Sx_20_34_lighting,S,train,lighting,20,Sx_20_34,True,155
native,Sx_20_34_combined,S,train,combined,20,Sx_20_34,True,155
best,Sx_20_34_combined,S,train,combined,20,Sx_20_34,True,145
stage2_best,Sx_20_34_combined,S,train,combined,20,Sx_20_34,True,145
native,Sx_20_44_normal,S,train,normal,20,Sx_20_44,True,175
best,Sx_20_44_normal,S,train,normal,20,Sx_20_44,True,170
stage2_best,Sx_20_44_normal,S,train,normal,20,Sx_20_44,True,145
native,Sx_20_44_camera,S,train,camera,20,Sx_20_44,True,145
best,Sx_20_44_camera,S,train,camera,20,Sx_20_44,False,300
stage2_best,Sx_20_44_camera,S,train,camera,20,Sx_20_44,True,135
native,Sx_20_44_lighting,S,train,lighting,20,Sx_20_44,True,135
best,Sx_20_44_lighting,S,train,lighting,20,Sx_20_44,True,180
stage2_best,Sx_20_44_lighting,S,train,lighting,20,Sx_20_44,True,145
native,Sx_20_44_combined,S,train,combined,20,Sx_20_44,True,130
best,Sx_20_44_combined,S,train,combined,20,Sx_20_44,True,170
stage2_best,Sx_20_44_combined,S,train,combined,20,Sx_20_44,True,170
native,Sx_25_22_normal,S,train,normal,25,Sx_25_22,True,130
best,Sx_25_22_normal,S,train,normal,25,Sx_25_22,True,130
stage2_best,Sx_25_22_normal,S,train,normal,25,Sx_25_22,True,130
native,Sx_25_22_camera,S,train,camera,25,Sx_25_22,True,130
best,Sx_25_22_camera,S,train,camera,25,Sx_25_22,True,130
stage2_best,Sx_25_22_camera,S,train,camera,25,Sx_25_22,True,130
native,Sx_25_22_lighting,S,train,lighting,25,Sx_25_22,True,130
best,Sx_25_22_lighting,S,train,lighting,25,Sx_25_22,True,130
stage2_best,Sx_25_22_lighting,S,train,lighting,25,Sx_25_22,True,130
native,Sx_25_22_combined,S,train,combined,25,Sx_25_22,True,140
best,Sx_25_22_combined,S,train,combined,25,Sx_25_22,True,135
stage2_best,Sx_25_22_combined,S,train,combined,25,Sx_25_22,True,130
native,Sx_25_26_normal,S,train,normal,25,Sx_25_26,True,135
best,Sx_25_26_normal,S,train,normal,25,Sx_25_26,True,150
stage2_best,Sx_25_26_normal,S,train,normal,25,Sx_25_26,True,155
native,Sx_25_26_camera,S,train,camera,25,Sx_25_26,True,130
best,Sx_25_26_camera,S,train,camera,25,Sx_25_26,True,135
stage2_best,Sx_25_26_camera,S,train,camera,25,Sx_25_26,True,135
native,Sx_25_26_lighting,S,train,lighting,25,Sx_25_26,True,140
best,Sx_25_26_lighting,S,train,lighting,25,Sx_25_26,True,155
stage2_best,Sx_25_26_lighting,S,train,lighting,25,Sx_25_26,True,145
native,Sx_25_26_combined,S,train,combined,25,Sx_25_26,True,135
best,Sx_25_26_combined,S,train,combined,25,Sx_25_26,True,135
stage2_best,Sx_25_26_combined,S,train,combined,25,Sx_25_26,True,140
native,Sx_25_34_normal,S,train,normal,25,Sx_25_34,True,125
best,Sx_25_34_normal,S,train,normal,25,Sx_25_34,True,160
stage2_best,Sx_25_34_normal,S,train,normal,25,Sx_25_34,True,185
native,Sx_25_34_camera,S,train,camera,25,Sx_25_34,True,135
best,Sx_25_34_camera,S,train,camera,25,Sx_25_34,True,135
stage2_best,Sx_25_34_camera,S,train,camera,25,Sx_25_34,True,135
native,Sx_25_34_lighting,S,train,lighting,25,Sx_25_34,True,130
best,Sx_25_34_lighting,S,train,lighting,25,Sx_25_34,True,140
stage2_best,Sx_25_34_lighting,S,train,lighting,25,Sx_25_34,True,150
native,Sx_25_34_combined,S,train,combined,25,Sx_25_34,True,130
best,Sx_25_34_combined,S,train,combined,25,Sx_25_34,True,130
stage2_best,Sx_25_34_combined,S,train,combined,25,Sx_25_34,True,140
native,Sx_25_44_normal,S,train,normal,25,Sx_25_44,True,130
best,Sx_25_44_normal,S,train,normal,25,Sx_25_44,True,135
stage2_best,Sx_25_44_normal,S,train,normal,25,Sx_25_44,True,140
native,Sx_25_44_camera,S,train,camera,25,Sx_25_44,True,125
best,Sx_25_44_camera,S,train,camera,25,Sx_25_44,True,165
stage2_best,Sx_25_44_camera,S,train,camera,25,Sx_25_44,True,140
native,Sx_25_44_lighting,S,train,lighting,25,Sx_25_44,True,130
best,Sx_25_44_lighting,S,train,lighting,25,Sx_25_44,True,135
stage2_best,Sx_25_44_lighting,S,train,lighting,25,Sx_25_44,True,135
native,Sx_25_44_combined,S,train,combined,25,Sx_25_44,True,155
best,Sx_25_44_combined,S,train,combined,25,Sx_25_44,True,165
stage2_best,Sx_25_44_combined,S,train,combined,25,Sx_25_44,True,135
native,Sx_30_22_normal,S,train,normal,30,Sx_30_22,True,110
best,Sx_30_22_normal,S,train,normal,30,Sx_30_22,True,110
stage2_best,Sx_30_22_normal,S,train,normal,30,Sx_30_22,True,215
native,Sx_30_22_camera,S,train,camera,30,Sx_30_22,True,80
best,Sx_30_22_camera,S,train,camera,30,Sx_30_22,True,70
stage2_best,Sx_30_22_camera,S,train,camera,30,Sx_30_22,True,70
native,Sx_30_22_lighting,S,train,lighting,30,Sx_30_22,True,110
best,Sx_30_22_lighting,S,train,lighting,30,Sx_30_22,True,110
stage2_best,Sx_30_22_lighting,S,train,lighting,30,Sx_30_22,True,185
native,Sx_30_22_combined,S,train,combined,30,Sx_30_22,True,80
best,Sx_30_22_combined,S,train,combined,30,Sx_30_22,True,75
stage2_best,Sx_30_22_combined,S,train,combined,30,Sx_30_22,True,75
native,Sx_30_26_normal,S,train,normal,30,Sx_30_26,True,85
best,Sx_30_26_normal,S,train,normal,30,Sx_30_26,True,110
stage2_best,Sx_30_26_normal,S,train,normal,30,Sx_30_26,True,95
native,Sx_30_26_camera,S,train,camera,30,Sx_30_26,True,80
best,Sx_30_26_camera,S,train,camera,30,Sx_30_26,True,85
stage2_best,Sx_30_26_camera,S,train,camera,30,Sx_30_26,True,85
native,Sx_30_26_lighting,S,train,lighting,30,Sx_30_26,True,85
best,Sx_30_26_lighting,S,train,lighting,30,Sx_30_26,True,85
stage2_best,Sx_30_26_lighting,S,train,lighting,30,Sx_30_26,True,85
native,Sx_30_26_combined,S,train,combined,30,Sx_30_26,False,300
best,Sx_30_26_combined,S,train,combined,30,Sx_30_26,True,115
stage2_best,Sx_30_26_combined,S,train,combined,30,Sx_30_26,True,80
native,Sx_30_34_normal,S,train,normal,30,Sx_30_34,True,80
best,Sx_30_34_normal,S,train,normal,30,Sx_30_34,True,115
stage2_best,Sx_30_34_normal,S,train,normal,30,Sx_30_34,True,80
native,Sx_30_34_camera,S,train,camera,30,Sx_30_34,True,85
best,Sx_30_34_camera,S,train,camera,30,Sx_30_34,True,85
stage2_best,Sx_30_34_camera,S,train,camera,30,Sx_30_34,True,90
native,Sx_30_34_lighting,S,train,lighting,30,Sx_30_34,True,80
best,Sx_30_34_lighting,S,train,lighting,30,Sx_30_34,True,85
stage2_best,Sx_30_34_lighting,S,train,lighting,30,Sx_30_34,True,80
native,Sx_30_34_combined,S,train,combined,30,Sx_30_34,True,135
best,Sx_30_34_combined,S,train,combined,30,Sx_30_34,True,80
stage2_best,Sx_30_34_combined,S,train,combined,30,Sx_30_34,True,90
native,Sx_30_44_normal,S,train,normal,30,Sx_30_44,True,80
best,Sx_30_44_normal,S,train,normal,30,Sx_30_44,True,80
stage2_best,Sx_30_44_normal,S,train,normal,30,Sx_30_44,True,80
native,Sx_30_44_camera,S,train,camera,30,Sx_30_44,False,300
best,Sx_30_44_camera,S,train,camera,30,Sx_30_44,True,75
stage2_best,Sx_30_44_camera,S,train,camera,30,Sx_30_44,True,80
native,Sx_30_44_lighting,S,train,lighting,30,Sx_30_44,True,80
best,Sx_30_44_lighting,S,train,lighting,30,Sx_30_44,True,80
stage2_best,Sx_30_44_lighting,S,train,lighting,30,Sx_30_44,True,80
native,Sx_30_44_combined,S,train,combined,30,Sx_30_44,True,190
best,Sx_30_44_combined,S,train,combined,30,Sx_30_44,True,75
stage2_best,Sx_30_44_combined,S,train,combined,30,Sx_30_44,True,80
native,Sx_35_22_normal,S,train,normal,35,Sx_35_22,True,100
best,Sx_35_22_normal,S,train,normal,35,Sx_35_22,True,105
stage2_best,Sx_35_22_normal,S,train,normal,35,Sx_35_22,True,110
native,Sx_35_22_camera,S,train,camera,35,Sx_35_22,True,105
best,Sx_35_22_camera,S,train,camera,35,Sx_35_22,True,110
stage2_best,Sx_35_22_camera,S,train,camera,35,Sx_35_22,True,110
native,Sx_35_22_lighting,S,train,lighting,35,Sx_35_22,True,100
best,Sx_35_22_lighting,S,train,lighting,35,Sx_35_22,True,105
stage2_best,Sx_35_22_lighting,S,train,lighting,35,Sx_35_22,True,105
native,Sx_35_22_combined,S,train,combined,35,Sx_35_22,True,105
best,Sx_35_22_combined,S,train,combined,35,Sx_35_22,True,125
stage2_best,Sx_35_22_combined,S,train,combined,35,Sx_35_22,True,115
native,Sx_35_26_normal,S,train,normal,35,Sx_35_26,True,105
best,Sx_35_26_normal,S,train,normal,35,Sx_35_26,True,120
stage2_best,Sx_35_26_normal,S,train,normal,35,Sx_35_26,True,110
native,Sx_35_26_camera,S,train,camera,35,Sx_35_26,True,115
best,Sx_35_26_camera,S,train,camera,35,Sx_35_26,True,120
stage2_best,Sx_35_26_camera,S,train,camera,35,Sx_35_26,True,120
native,Sx_35_26_lighting,S,train,lighting,35,Sx_35_26,True,110
best,Sx_35_26_lighting,S,train,lighting,35,Sx_35_26,True,120
stage2_best,Sx_35_26_lighting,S,train,lighting,35,Sx_35_26,True,110
native,Sx_35_26_combined,S,train,combined,35,Sx_35_26,True,120
best,Sx_35_26_combined,S,train,combined,35,Sx_35_26,True,120
stage2_best,Sx_35_26_combined,S,train,combined,35,Sx_35_26,True,115
native,Sx_35_34_normal,S,train,normal,35,Sx_35_34,True,105
best,Sx_35_34_normal,S,train,normal,35,Sx_35_34,True,110
stage2_best,Sx_35_34_normal,S,train,normal,35,Sx_35_34,True,110
native,Sx_35_34_camera,S,train,camera,35,Sx_35_34,True,110
best,Sx_35_34_camera,S,train,camera,35,Sx_35_34,True,115
stage2_best,Sx_35_34_camera,S,train,camera,35,Sx_35_34,True,120
native,Sx_35_34_lighting,S,train,lighting,35,Sx_35_34,True,135
best,Sx_35_34_lighting,S,train,lighting,35,Sx_35_34,True,110
stage2_best,Sx_35_34_lighting,S,train,lighting,35,Sx_35_34,True,110
native,Sx_35_34_combined,S,train,combined,35,Sx_35_34,True,110
best,Sx_35_34_combined,S,train,combined,35,Sx_35_34,True,115
stage2_best,Sx_35_34_combined,S,train,combined,35,Sx_35_34,True,120
native,Sx_35_44_normal,S,train,normal,35,Sx_35_44,True,115
best,Sx_35_44_normal,S,train,normal,35,Sx_35_44,True,120
stage2_best,Sx_35_44_normal,S,train,normal,35,Sx_35_44,True,120
native,Sx_35_44_camera,S,train,camera,35,Sx_35_44,True,125
best,Sx_35_44_camera,S,train,camera,35,Sx_35_44,True,170
stage2_best,Sx_35_44_camera,S,train,camera,35,Sx_35_44,True,145
native,Sx_35_44_lighting,S,train,lighting,35,Sx_35_44,True,110
best,Sx_35_44_lighting,S,train,lighting,35,Sx_35_44,True,125
stage2_best,Sx_35_44_lighting,S,train,lighting,35,Sx_35_44,True,125
native,Sx_35_44_combined,S,train,combined,35,Sx_35_44,True,125
best,Sx_35_44_combined,S,train,combined,35,Sx_35_44,True,265
stage2_best,Sx_35_44_combined,S,train,combined,35,Sx_35_44,True,155
native,Sx_01_22_normal,S,validation,normal,1,Sx_01_22,True,205
best,Sx_01_22_normal,S,validation,normal,1,Sx_01_22,True,230
stage2_best,Sx_01_22_normal,S,validation,normal,1,Sx_01_22,True,235
native,Sx_01_22_camera,S,validation,camera,1,Sx_01_22,False,500
best,Sx_01_22_camera,S,validation,camera,1,Sx_01_22,False,500
stage2_best,Sx_01_22_camera,S,validation,camera,1,Sx_01_22,True,290
native,Sx_01_22_lighting,S,validation,lighting,1,Sx_01_22,True,235
best,Sx_01_22_lighting,S,validation,lighting,1,Sx_01_22,True,220
stage2_best,Sx_01_22_lighting,S,validation,lighting,1,Sx_01_22,True,235
native,Sx_01_22_combined,S,validation,combined,1,Sx_01_22,True,305
best,Sx_01_22_combined,S,validation,combined,1,Sx_01_22,True,315
stage2_best,Sx_01_22_combined,S,validation,combined,1,Sx_01_22,False,500
native,Sx_01_26_normal,S,validation,normal,1,Sx_01_26,True,230
best,Sx_01_26_normal,S,validation,normal,1,Sx_01_26,True,250
stage2_best,Sx_01_26_normal,S,validation,normal,1,Sx_01_26,True,225
native,Sx_01_26_camera,S,validation,camera,1,Sx_01_26,False,500
best,Sx_01_26_camera,S,validation,camera,1,Sx_01_26,True,225
stage2_best,Sx_01_26_camera,S,validation,camera,1,Sx_01_26,True,225
native,Sx_01_26_lighting,S,validation,lighting,1,Sx_01_26,True,260
best,Sx_01_26_lighting,S,validation,lighting,1,Sx_01_26,True,250
stage2_best,Sx_01_26_lighting,S,validation,lighting,1,Sx_01_26,True,235
native,Sx_01_26_combined,S,validation,combined,1,Sx_01_26,False,500
best,Sx_01_26_combined,S,validation,combined,1,Sx_01_26,True,230
stage2_best,Sx_01_26_combined,S,validation,combined,1,Sx_01_26,False,500
native,Sx_01_34_normal,S,validation,normal,1,Sx_01_34,True,215
best,Sx_01_34_normal,S,validation,normal,1,Sx_01_34,False,500
stage2_best,Sx_01_34_normal,S,validation,normal,1,Sx_01_34,True,290
native,Sx_01_34_camera,S,validation,camera,1,Sx_01_34,False,500
best,Sx_01_34_camera,S,validation,camera,1,Sx_01_34,False,500
stage2_best,Sx_01_34_camera,S,validation,camera,1,Sx_01_34,True,270
native,Sx_01_34_lighting,S,validation,lighting,1,Sx_01_34,False,500
best,Sx_01_34_lighting,S,validation,lighting,1,Sx_01_34,True,225
stage2_best,Sx_01_34_lighting,S,validation,lighting,1,Sx_01_34,False,500
native,Sx_01_34_combined,S,validation,combined,1,Sx_01_34,False,500
best,Sx_01_34_combined,S,validation,combined,1,Sx_01_34,False,500
stage2_best,Sx_01_34_combined,S,validation,combined,1,Sx_01_34,True,210
native,Sx_01_44_normal,S,validation,normal,1,Sx_01_44,True,240
best,Sx_01_44_normal,S,validation,normal,1,Sx_01_44,False,500
stage2_best,Sx_01_44_normal,S,validation,normal,1,Sx_01_44,True,230
native,Sx_01_44_camera,S,validation,camera,1,Sx_01_44,False,500
best,Sx_01_44_camera,S,validation,camera,1,Sx_01_44,False,500
stage2_best,Sx_01_44_camera,S,validation,camera,1,Sx_01_44,False,500
native,Sx_01_44_lighting,S,validation,lighting,1,Sx_01_44,True,250
best,Sx_01_44_lighting,S,validation,lighting,1,Sx_01_44,False,500
stage2_best,Sx_01_44_lighting,S,validation,lighting,1,Sx_01_44,False,500
native,Sx_01_44_combined,S,validation,combined,1,Sx_01_44,False,500
best,Sx_01_44_combined,S,validation,combined,1,Sx_01_44,False,500
stage2_best,Sx_01_44_combined,S,validation,combined,1,Sx_01_44,False,500
native,Sx_06_22_normal,S,validation,normal,6,Sx_06_22,True,230
best,Sx_06_22_normal,S,validation,normal,6,Sx_06_22,True,230
stage2_best,Sx_06_22_normal,S,validation,normal,6,Sx_06_22,True,260
native,Sx_06_22_camera,S,validation,camera,6,Sx_06_22,True,265
best,Sx_06_22_camera,S,validation,camera,6,Sx_06_22,True,270
stage2_best,Sx_06_22_camera,S,validation,camera,6,Sx_06_22,True,410
native,Sx_06_22_lighting,S,validation,lighting,6,Sx_06_22,True,265
best,Sx_06_22_lighting,S,validation,lighting,6,Sx_06_22,True,230
stage2_best,Sx_06_22_lighting,S,validation,lighting,6,Sx_06_22,True,240
native,Sx_06_22_combined,S,validation,combined,6,Sx_06_22,True,265
best,Sx_06_22_combined,S,validation,combined,6,Sx_06_22,False,500
stage2_best,Sx_06_22_combined,S,validation,combined,6,Sx_06_22,True,305
native,Sx_06_26_normal,S,validation,normal,6,Sx_06_26,True,340
best,Sx_06_26_normal,S,validation,normal,6,Sx_06_26,True,255
stage2_best,Sx_06_26_normal,S,validation,normal,6,Sx_06_26,True,245
native,Sx_06_26_camera,S,validation,camera,6,Sx_06_26,True,260
best,Sx_06_26_camera,S,validation,camera,6,Sx_06_26,True,280
stage2_best,Sx_06_26_camera,S,validation,camera,6,Sx_06_26,True,280
native,Sx_06_26_lighting,S,validation,lighting,6,Sx_06_26,True,290
best,Sx_06_26_lighting,S,validation,lighting,6,Sx_06_26,True,300
stage2_best,Sx_06_26_lighting,S,validation,lighting,6,Sx_06_26,True,250
native,Sx_06_26_combined,S,validation,combined,6,Sx_06_26,False,500
best,Sx_06_26_combined,S,validation,combined,6,Sx_06_26,True,280
stage2_best,Sx_06_26_combined,S,validation,combined,6,Sx_06_26,True,280
native,Sx_06_34_normal,S,validation,normal,6,Sx_06_34,True,260
best,Sx_06_34_normal,S,validation,normal,6,Sx_06_34,True,250
stage2_best,Sx_06_34_normal,S,validation,normal,6,Sx_06_34,True,275
native,Sx_06_34_camera,S,validation,camera,6,Sx_06_34,True,295
best,Sx_06_34_camera,S,validation,camera,6,Sx_06_34,True,415
stage2_best,Sx_06_34_camera,S,validation,camera,6,Sx_06_34,False,500
native,Sx_06_34_lighting,S,validation,lighting,6,Sx_06_34,True,265
best,Sx_06_34_lighting,S,validation,lighting,6,Sx_06_34,True,260
stage2_best,Sx_06_34_lighting,S,validation,lighting,6,Sx_06_34,True,280
native,Sx_06_34_combined,S,validation,combined,6,Sx_06_34,True,445
best,Sx_06_34_combined,S,validation,combined,6,Sx_06_34,True,260
stage2_best,Sx_06_34_combined,S,validation,combined,6,Sx_06_34,False,500
native,Sx_06_44_normal,S,validation,normal,6,Sx_06_44,True,250
best,Sx_06_44_normal,S,validation,normal,6,Sx_06_44,True,265
stage2_best,Sx_06_44_normal,S,validation,normal,6,Sx_06_44,True,295
native,Sx_06_44_camera,S,validation,camera,6,Sx_06_44,True,305
best,Sx_06_44_camera,S,validation,camera,6,Sx_06_44,True,260
stage2_best,Sx_06_44_camera,S,validation,camera,6,Sx_06_44,True,250
native,Sx_06_44_lighting,S,validation,lighting,6,Sx_06_44,True,260
best,Sx_06_44_lighting,S,validation,lighting,6,Sx_06_44,True,260
stage2_best,Sx_06_44_lighting,S,validation,lighting,6,Sx_06_44,True,265
native,Sx_06_44_combined,S,validation,combined,6,Sx_06_44,True,305
best,Sx_06_44_combined,S,validation,combined,6,Sx_06_44,True,255
stage2_best,Sx_06_44_combined,S,validation,combined,6,Sx_06_44,True,260
native,Sx_11_22_normal,S,train,normal,11,Sx_11_22,True,190
best,Sx_11_22_normal,S,train,normal,11,Sx_11_22,True,285
stage2_best,Sx_11_22_normal,S,train,normal,11,Sx_11_22,False,300
native,Sx_11_22_camera,S,train,camera,11,Sx_11_22,True,195
best,Sx_11_22_camera,S,train,camera,11,Sx_11_22,False,300
stage2_best,Sx_11_22_camera,S,train,camera,11,Sx_11_22,True,245
native,Sx_11_22_lighting,S,train,lighting,11,Sx_11_22,True,180
best,Sx_11_22_lighting,S,train,lighting,11,Sx_11_22,True,245
stage2_best,Sx_11_22_lighting,S,train,lighting,11,Sx_11_22,False,300
native,Sx_11_22_combined,S,train,combined,11,Sx_11_22,True,215
best,Sx_11_22_combined,S,train,combined,11,Sx_11_22,False,300
stage2_best,Sx_11_22_combined,S,train,combined,11,Sx_11_22,True,230
native,Sx_11_26_normal,S,train,normal,11,Sx_11_26,True,180
best,Sx_11_26_normal,S,train,normal,11,Sx_11_26,True,175
stage2_best,Sx_11_26_normal,S,train,normal,11,Sx_11_26,True,185
native,Sx_11_26_camera,S,train,camera,11,Sx_11_26,False,300
best,Sx_11_26_camera,S,train,camera,11,Sx_11_26,False,300
stage2_best,Sx_11_26_camera,S,train,camera,11,Sx_11_26,False,300
native,Sx_11_26_lighting,S,train,lighting,11,Sx_11_26,True,180
best,Sx_11_26_lighting,S,train,lighting,11,Sx_11_26,True,185
stage2_best,Sx_11_26_lighting,S,train,lighting,11,Sx_11_26,True,260
native,Sx_11_26_combined,S,train,combined,11,Sx_11_26,False,300
best,Sx_11_26_combined,S,train,combined,11,Sx_11_26,False,300
stage2_best,Sx_11_26_combined,S,train,combined,11,Sx_11_26,False,300
native,Sx_11_34_normal,S,train,normal,11,Sx_11_34,True,170
best,Sx_11_34_normal,S,train,normal,11,Sx_11_34,False,300
stage2_best,Sx_11_34_normal,S,train,normal,11,Sx_11_34,True,185
native,Sx_11_34_camera,S,train,camera,11,Sx_11_34,False,300
best,Sx_11_34_camera,S,train,camera,11,Sx_11_34,True,250
stage2_best,Sx_11_34_camera,S,train,camera,11,Sx_11_34,False,300
native,Sx_11_34_lighting,S,train,lighting,11,Sx_11_34,True,170
best,Sx_11_34_lighting,S,train,lighting,11,Sx_11_34,True,195
stage2_best,Sx_11_34_lighting,S,train,lighting,11,Sx_11_34,True,190
native,Sx_11_34_combined,S,train,combined,11,Sx_11_34,False,300
best,Sx_11_34_combined,S,train,combined,11,Sx_11_34,True,200
stage2_best,Sx_11_34_combined,S,train,combined,11,Sx_11_34,True,200
native,Sx_11_44_normal,S,train,normal,11,Sx_11_44,True,175
best,Sx_11_44_normal,S,train,normal,11,Sx_11_44,True,185
stage2_best,Sx_11_44_normal,S,train,normal,11,Sx_11_44,True,185
native,Sx_11_44_camera,S,train,camera,11,Sx_11_44,True,210
best,Sx_11_44_camera,S,train,camera,11,Sx_11_44,True,185
stage2_best,Sx_11_44_camera,S,train,camera,11,Sx_11_44,True,290
native,Sx_11_44_lighting,S,train,lighting,11,Sx_11_44,True,180
best,Sx_11_44_lighting,S,train,lighting,11,Sx_11_44,True,185
stage2_best,Sx_11_44_lighting,S,train,lighting,11,Sx_11_44,True,185
native,Sx_11_44_combined,S,train,combined,11,Sx_11_44,True,200
best,Sx_11_44_combined,S,train,combined,11,Sx_11_44,True,185
stage2_best,Sx_11_44_combined,S,train,combined,11,Sx_11_44,True,190
native,Sx_16_22_normal,S,train,normal,16,Sx_16_22,True,90
best,Sx_16_22_normal,S,train,normal,16,Sx_16_22,True,85
stage2_best,Sx_16_22_normal,S,train,normal,16,Sx_16_22,True,90
native,Sx_16_22_camera,S,train,camera,16,Sx_16_22,True,75
best,Sx_16_22_camera,S,train,camera,16,Sx_16_22,False,300
stage2_best,Sx_16_22_camera,S,train,camera,16,Sx_16_22,True,90
native,Sx_16_22_lighting,S,train,lighting,16,Sx_16_22,True,90
best,Sx_16_22_lighting,S,train,lighting,16,Sx_16_22,True,95
stage2_best,Sx_16_22_lighting,S,train,lighting,16,Sx_16_22,True,85
native,Sx_16_22_combined,S,train,combined,16,Sx_16_22,False,300
best,Sx_16_22_combined,S,train,combined,16,Sx_16_22,False,300
stage2_best,Sx_16_22_combined,S,train,combined,16,Sx_16_22,True,125
native,Sx_16_26_normal,S,train,normal,16,Sx_16_26,True,85
best,Sx_16_26_normal,S,train,normal,16,Sx_16_26,True,85
stage2_best,Sx_16_26_normal,S,train,normal,16,Sx_16_26,True,85
native,Sx_16_26_camera,S,train,camera,16,Sx_16_26,True,175
best,Sx_16_26_camera,S,train,camera,16,Sx_16_26,True,90
stage2_best,Sx_16_26_camera,S,train,camera,16,Sx_16_26,True,95
native,Sx_16_26_lighting,S,train,lighting,16,Sx_16_26,True,90
best,Sx_16_26_lighting,S,train,lighting,16,Sx_16_26,True,85
stage2_best,Sx_16_26_lighting,S,train,lighting,16,Sx_16_26,True,85
native,Sx_16_26_combined,S,train,combined,16,Sx_16_26,True,110
best,Sx_16_26_combined,S,train,combined,16,Sx_16_26,True,90
stage2_best,Sx_16_26_combined,S,train,combined,16,Sx_16_26,True,90
native,Sx_16_34_normal,S,train,normal,16,Sx_16_34,True,95
best,Sx_16_34_normal,S,train,normal,16,Sx_16_34,True,100
stage2_best,Sx_16_34_normal,S,train,normal,16,Sx_16_34,True,100
native,Sx_16_34_camera,S,train,camera,16,Sx_16_34,True,130
best,Sx_16_34_camera,S,train,camera,16,Sx_16_34,True,95
stage2_best,Sx_16_34_camera,S,train,camera,16,Sx_16_34,True,105
native,Sx_16_34_lighting,S,train,lighting,16,Sx_16_34,True,110
best,Sx_16_34_lighting,S,train,lighting,16,Sx_16_34,True,95
stage2_best,Sx_16_34_lighting,S,train,lighting,16,Sx_16_34,True,95
native,Sx_16_34_combined,S,train,combined,16,Sx_16_34,True,135
best,Sx_16_34_combined,S,train,combined,16,Sx_16_34,True,90
stage2_best,Sx_16_34_combined,S,train,combined,16,Sx_16_34,True,105
native,Sx_16_44_normal,S,train,normal,16,Sx_16_44,True,85
best,Sx_16_44_normal,S,train,normal,16,Sx_16_44,True,80
stage2_best,Sx_16_44_normal,S,train,normal,16,Sx_16_44,True,90
native,Sx_16_44_camera,S,train,camera,16,Sx_16_44,False,300
best,Sx_16_44_camera,S,train,camera,16,Sx_16_44,True,115
stage2_best,Sx_16_44_camera,S,train,camera,16,Sx_16_44,True,115
native,Sx_16_44_lighting,S,train,lighting,16,Sx_16_44,True,85
best,Sx_16_44_lighting,S,train,lighting,16,Sx_16_44,True,80
stage2_best,Sx_16_44_lighting,S,train,lighting,16,Sx_16_44,True,95
native,Sx_16_44_combined,S,train,combined,16,Sx_16_44,True,155
best,Sx_16_44_combined,S,train,combined,16,Sx_16_44,True,100
stage2_best,Sx_16_44_combined,S,train,combined,16,Sx_16_44,True,105
native,Sx_21_22_normal,S,train,normal,21,Sx_21_22,True,125
best,Sx_21_22_normal,S,train,normal,21,Sx_21_22,True,115
stage2_best,Sx_21_22_normal,S,train,normal,21,Sx_21_22,True,120
native,Sx_21_22_camera,S,train,camera,21,Sx_21_22,True,280
best,Sx_21_22_camera,S,train,camera,21,Sx_21_22,True,245
stage2_best,Sx_21_22_camera,S,train,camera,21,Sx_21_22,True,270
native,Sx_21_22_lighting,S,train,lighting,21,Sx_21_22,True,125
best,Sx_21_22_lighting,S,train,lighting,21,Sx_21_22,True,120
stage2_best,Sx_21_22_lighting,S,train,lighting,21,Sx_21_22,True,120
native,Sx_21_22_combined,S,train,combined,21,Sx_21_22,True,180
best,Sx_21_22_combined,S,train,combined,21,Sx_21_22,True,285
stage2_best,Sx_21_22_combined,S,train,combined,21,Sx_21_22,True,265
native,Sx_21_26_normal,S,train,normal,21,Sx_21_26,True,110
best,Sx_21_26_normal,S,train,normal,21,Sx_21_26,True,135
stage2_best,Sx_21_26_normal,S,train,normal,21,Sx_21_26,True,145
native,Sx_21_26_camera,S,train,camera,21,Sx_21_26,True,115
best,Sx_21_26_camera,S,train,camera,21,Sx_21_26,True,115
stage2_best,Sx_21_26_camera,S,train,camera,21,Sx_21_26,True,120
native,Sx_21_26_lighting,S,train,lighting,21,Sx_21_26,True,120
best,Sx_21_26_lighting,S,train,lighting,21,Sx_21_26,True,125
stage2_best,Sx_21_26_lighting,S,train,lighting,21,Sx_21_26,True,145
native,Sx_21_26_combined,S,train,combined,21,Sx_21_26,True,115
best,Sx_21_26_combined,S,train,combined,21,Sx_21_26,True,115
stage2_best,Sx_21_26_combined,S,train,combined,21,Sx_21_26,True,125
native,Sx_21_34_normal,S,train,normal,21,Sx_21_34,True,225
best,Sx_21_34_normal,S,train,normal,21,Sx_21_34,True,205
stage2_best,Sx_21_34_normal,S,train,normal,21,Sx_21_34,True,125
native,Sx_21_34_camera,S,train,camera,21,Sx_21_34,True,130
best,Sx_21_34_camera,S,train,camera,21,Sx_21_34,True,135
stage2_best,Sx_21_34_camera,S,train,camera,21,Sx_21_34,True,130
native,Sx_21_34_lighting,S,train,lighting,21,Sx_21_34,True,135
best,Sx_21_34_lighting,S,train,lighting,21,Sx_21_34,True,205
stage2_best,Sx_21_34_lighting,S,train,lighting,21,Sx_21_34,True,175
native,Sx_21_34_combined,S,train,combined,21,Sx_21_34,True,135
best,Sx_21_34_combined,S,train,combined,21,Sx_21_34,True,135
stage2_best,Sx_21_34_combined,S,train,combined,21,Sx_21_34,True,130
native,Sx_21_44_normal,S,train,normal,21,Sx_21_44,True,120
best,Sx_21_44_normal,S,train,normal,21,Sx_21_44,True,125
stage2_best,Sx_21_44_normal,S,train,normal,21,Sx_21_44,True,160
native,Sx_21_44_camera,S,train,camera,21,Sx_21_44,True,235
best,Sx_21_44_camera,S,train,camera,21,Sx_21_44,False,300
stage2_best,Sx_21_44_camera,S,train,camera,21,Sx_21_44,True,260
native,Sx_21_44_lighting,S,train,lighting,21,Sx_21_44,False,300
best,Sx_21_44_lighting,S,train,lighting,21,Sx_21_44,True,205
stage2_best,Sx_21_44_lighting,S,train,lighting,21,Sx_21_44,True,165
native,Sx_21_44_combined,S,train,combined,21,Sx_21_44,True,230
best,Sx_21_44_combined,S,train,combined,21,Sx_21_44,True,135
stage2_best,Sx_21_44_combined,S,train,combined,21,Sx_21_44,True,140
native,Sx_26_22_normal,S,train,normal,26,Sx_26_22,True,120
best,Sx_26_22_normal,S,train,normal,26,Sx_26_22,True,130
stage2_best,Sx_26_22_normal,S,train,normal,26,Sx_26_22,True,125
native,Sx_26_22_camera,S,train,camera,26,Sx_26_22,True,130
best,Sx_26_22_camera,S,train,camera,26,Sx_26_22,True,135
stage2_best,Sx_26_22_camera,S,train,camera,26,Sx_26_22,True,125
native,Sx_26_22_lighting,S,train,lighting,26,Sx_26_22,True,120
best,Sx_26_22_lighting,S,train,lighting,26,Sx_26_22,True,130
stage2_best,Sx_26_22_lighting,S,train,lighting,26,Sx_26_22,True,130
native,Sx_26_22_combined,S,train,combined,26,Sx_26_22,True,125
best,Sx_26_22_combined,S,train,combined,26,Sx_26_22,True,140
stage2_best,Sx_26_22_combined,S,train,combined,26,Sx_26_22,True,135
native,Sx_26_26_normal,S,train,normal,26,Sx_26_26,True,130
best,Sx_26_26_normal,S,train,normal,26,Sx_26_26,True,135
stage2_best,Sx_26_26_normal,S,train,normal,26,Sx_26_26,True,135
native,Sx_26_26_camera,S,train,camera,26,Sx_26_26,True,130
best,Sx_26_26_camera,S,train,camera,26,Sx_26_26,True,135
stage2_best,Sx_26_26_camera,S,train,camera,26,Sx_26_26,True,135
native,Sx_26_26_lighting,S,train,lighting,26,Sx_26_26,True,135
best,Sx_26_26_lighting,S,train,lighting,26,Sx_26_26,True,135
stage2_best,Sx_26_26_lighting,S,train,lighting,26,Sx_26_26,True,135
native,Sx_26_26_combined,S,train,combined,26,Sx_26_26,True,140
best,Sx_26_26_combined,S,train,combined,26,Sx_26_26,True,145
stage2_best,Sx_26_26_combined,S,train,combined,26,Sx_26_26,True,135
native,Sx_26_34_normal,S,train,normal,26,Sx_26_34,True,130
best,Sx_26_34_normal,S,train,normal,26,Sx_26_34,True,125
stage2_best,Sx_26_34_normal,S,train,normal,26,Sx_26_34,True,125
native,Sx_26_34_camera,S,train,camera,26,Sx_26_34,True,130
best,Sx_26_34_camera,S,train,camera,26,Sx_26_34,True,135
stage2_best,Sx_26_34_camera,S,train,camera,26,Sx_26_34,True,215
native,Sx_26_34_lighting,S,train,lighting,26,Sx_26_34,True,120
best,Sx_26_34_lighting,S,train,lighting,26,Sx_26_34,True,125
stage2_best,Sx_26_34_lighting,S,train,lighting,26,Sx_26_34,True,130
native,Sx_26_34_combined,S,train,combined,26,Sx_26_34,True,135
best,Sx_26_34_combined,S,train,combined,26,Sx_26_34,True,135
stage2_best,Sx_26_34_combined,S,train,combined,26,Sx_26_34,False,300
native,Sx_26_44_normal,S,train,normal,26,Sx_26_44,True,125
best,Sx_26_44_normal,S,train,normal,26,Sx_26_44,True,175
stage2_best,Sx_26_44_normal,S,train,normal,26,Sx_26_44,True,125
native,Sx_26_44_camera,S,train,camera,26,Sx_26_44,True,135
best,Sx_26_44_camera,S,train,camera,26,Sx_26_44,True,165
stage2_best,Sx_26_44_camera,S,train,camera,26,Sx_26_44,True,130
native,Sx_26_44_lighting,S,train,lighting,26,Sx_26_44,True,140
best,Sx_26_44_lighting,S,train,lighting,26,Sx_26_44,True,175
stage2_best,Sx_26_44_lighting,S,train,lighting,26,Sx_26_44,True,125
native,Sx_26_44_combined,S,train,combined,26,Sx_26_44,True,170
best,Sx_26_44_combined,S,train,combined,26,Sx_26_44,True,170
stage2_best,Sx_26_44_combined,S,train,combined,26,Sx_26_44,True,135
native,Sx_31_22_normal,S,train,normal,31,Sx_31_22,True,90
best,Sx_31_22_normal,S,train,normal,31,Sx_31_22,True,90
stage2_best,Sx_31_22_normal,S,train,normal,31,Sx_31_22,True,95
native,Sx_31_22_camera,S,train,camera,31,Sx_31_22,True,100
best,Sx_31_22_camera,S,train,camera,31,Sx_31_22,True,95
stage2_best,Sx_31_22_camera,S,train,camera,31,Sx_31_22,True,140
native,Sx_31_22_lighting,S,train,lighting,31,Sx_31_22,True,95
best,Sx_31_22_lighting,S,train,lighting,31,Sx_31_22,True,95
stage2_best,Sx_31_22_lighting,S,train,lighting,31,Sx_31_22,True,95
native,Sx_31_22_combined,S,train,combined,31,Sx_31_22,True,95
best,Sx_31_22_combined,S,train,combined,31,Sx_31_22,True,95
stage2_best,Sx_31_22_combined,S,train,combined,31,Sx_31_22,True,105
native,Sx_31_26_normal,S,train,normal,31,Sx_31_26,True,95
best,Sx_31_26_normal,S,train,normal,31,Sx_31_26,True,90
stage2_best,Sx_31_26_normal,S,train,normal,31,Sx_31_26,True,95
native,Sx_31_26_camera,S,train,camera,31,Sx_31_26,True,95
best,Sx_31_26_camera,S,train,camera,31,Sx_31_26,True,125
stage2_best,Sx_31_26_camera,S,train,camera,31,Sx_31_26,True,105
native,Sx_31_26_lighting,S,train,lighting,31,Sx_31_26,True,100
best,Sx_31_26_lighting,S,train,lighting,31,Sx_31_26,True,105
stage2_best,Sx_31_26_lighting,S,train,lighting,31,Sx_31_26,True,95
native,Sx_31_26_combined,S,train,combined,31,Sx_31_26,True,95
best,Sx_31_26_combined,S,train,combined,31,Sx_31_26,True,120
stage2_best,Sx_31_26_combined,S,train,combined,31,Sx_31_26,True,120
native,Sx_31_34_normal,S,train,normal,31,Sx_31_34,True,90
best,Sx_31_34_normal,S,train,normal,31,Sx_31_34,True,105
stage2_best,Sx_31_34_normal,S,train,normal,31,Sx_31_34,True,125
native,Sx_31_34_camera,S,train,camera,31,Sx_31_34,True,95
best,Sx_31_34_camera,S,train,camera,31,Sx_31_34,True,100
stage2_best,Sx_31_34_camera,S,train,camera,31,Sx_31_34,True,100
native,Sx_31_34_lighting,S,train,lighting,31,Sx_31_34,True,150
best,Sx_31_34_lighting,S,train,lighting,31,Sx_31_34,True,100
stage2_best,Sx_31_34_lighting,S,train,lighting,31,Sx_31_34,True,110
native,Sx_31_34_combined,S,train,combined,31,Sx_31_34,True,95
best,Sx_31_34_combined,S,train,combined,31,Sx_31_34,True,100
stage2_best,Sx_31_34_combined,S,train,combined,31,Sx_31_34,True,100
native,Sx_31_44_normal,S,train,normal,31,Sx_31_44,True,90
best,Sx_31_44_normal,S,train,normal,31,Sx_31_44,True,90
stage2_best,Sx_31_44_normal,S,train,normal,31,Sx_31_44,True,95
native,Sx_31_44_camera,S,train,camera,31,Sx_31_44,True,270
best,Sx_31_44_camera,S,train,camera,31,Sx_31_44,True,95
stage2_best,Sx_31_44_camera,S,train,camera,31,Sx_31_44,True,95
native,Sx_31_44_lighting,S,train,lighting,31,Sx_31_44,True,90
best,Sx_31_44_lighting,S,train,lighting,31,Sx_31_44,True,95
stage2_best,Sx_31_44_lighting,S,train,lighting,31,Sx_31_44,True,90
native,Sx_31_44_combined,S,train,combined,31,Sx_31_44,True,95
best,Sx_31_44_combined,S,train,combined,31,Sx_31_44,True,90
stage2_best,Sx_31_44_combined,S,train,combined,31,Sx_31_44,True,95
native,Sx_36_22_normal,S,train,normal,36,Sx_36_22,True,90
best,Sx_36_22_normal,S,train,normal,36,Sx_36_22,True,90
stage2_best,Sx_36_22_normal,S,train,normal,36,Sx_36_22,True,85
native,Sx_36_22_camera,S,train,camera,36,Sx_36_22,True,135
best,Sx_36_22_camera,S,train,camera,36,Sx_36_22,True,115
stage2_best,Sx_36_22_camera,S,train,camera,36,Sx_36_22,True,95
native,Sx_36_22_lighting,S,train,lighting,36,Sx_36_22,True,95
best,Sx_36_22_lighting,S,train,lighting,36,Sx_36_22,True,90
stage2_best,Sx_36_22_lighting,S,train,lighting,36,Sx_36_22,True,90
native,Sx_36_22_combined,S,train,combined,36,Sx_36_22,True,125
best,Sx_36_22_combined,S,train,combined,36,Sx_36_22,True,115
stage2_best,Sx_36_22_combined,S,train,combined,36,Sx_36_22,True,95
native,Sx_36_26_normal,S,train,normal,36,Sx_36_26,True,85
best,Sx_36_26_normal,S,train,normal,36,Sx_36_26,True,85
stage2_best,Sx_36_26_normal,S,train,normal,36,Sx_36_26,True,85
native,Sx_36_26_camera,S,train,camera,36,Sx_36_26,True,90
best,Sx_36_26_camera,S,train,camera,36,Sx_36_26,True,90
stage2_best,Sx_36_26_camera,S,train,camera,36,Sx_36_26,True,90
native,Sx_36_26_lighting,S,train,lighting,36,Sx_36_26,True,85
best,Sx_36_26_lighting,S,train,lighting,36,Sx_36_26,True,85
stage2_best,Sx_36_26_lighting,S,train,lighting,36,Sx_36_26,True,85
native,Sx_36_26_combined,S,train,combined,36,Sx_36_26,True,90
best,Sx_36_26_combined,S,train,combined,36,Sx_36_26,True,90
stage2_best,Sx_36_26_combined,S,train,combined,36,Sx_36_26,True,90
native,Sx_36_34_normal,S,train,normal,36,Sx_36_34,True,80
best,Sx_36_34_normal,S,train,normal,36,Sx_36_34,True,80
stage2_best,Sx_36_34_normal,S,train,normal,36,Sx_36_34,True,80
native,Sx_36_34_camera,S,train,camera,36,Sx_36_34,True,90
best,Sx_36_34_camera,S,train,camera,36,Sx_36_34,True,90
stage2_best,Sx_36_34_camera,S,train,camera,36,Sx_36_34,True,90
native,Sx_36_34_lighting,S,train,lighting,36,Sx_36_34,True,80
best,Sx_36_34_lighting,S,train,lighting,36,Sx_36_34,True,80
stage2_best,Sx_36_34_lighting,S,train,lighting,36,Sx_36_34,True,85
native,Sx_36_34_combined,S,train,combined,36,Sx_36_34,True,90
best,Sx_36_34_combined,S,train,combined,36,Sx_36_34,True,90
stage2_best,Sx_36_34_combined,S,train,combined,36,Sx_36_34,True,90
native,Sx_36_44_normal,S,train,normal,36,Sx_36_44,True,85
best,Sx_36_44_normal,S,train,normal,36,Sx_36_44,True,85
stage2_best,Sx_36_44_normal,S,train,normal,36,Sx_36_44,True,85
native,Sx_36_44_camera,S,train,camera,36,Sx_36_44,True,100
best,Sx_36_44_camera,S,train,camera,36,Sx_36_44,True,90
stage2_best,Sx_36_44_camera,S,train,camera,36,Sx_36_44,True,90
native,Sx_36_44_lighting,S,train,lighting,36,Sx_36_44,True,85
best,Sx_36_44_lighting,S,train,lighting,36,Sx_36_44,True,85
stage2_best,Sx_36_44_lighting,S,train,lighting,36,Sx_36_44,True,85
native,Sx_36_44_combined,S,train,combined,36,Sx_36_44,True,110
best,Sx_36_44_combined,S,train,combined,36,Sx_36_44,True,90
stage2_best,Sx_36_44_combined,S,train,combined,36,Sx_36_44,True,90
native,Sx_02_22_normal,S,test,normal,2,Sx_02_22,True,340
best,Sx_02_22_normal,S,test,normal,2,Sx_02_22,False,500
stage2_best,Sx_02_22_normal,S,test,normal,2,Sx_02_22,True,275
native,Sx_02_22_camera,S,test,camera,2,Sx_02_22,False,500
best,Sx_02_22_camera,S,test,camera,2,Sx_02_22,False,500
stage2_best,Sx_02_22_camera,S,test,camera,2,Sx_02_22,False,500
native,Sx_02_22_lighting,S,test,lighting,2,Sx_02_22,True,295
best,Sx_02_22_lighting,S,test,lighting,2,Sx_02_22,False,500
stage2_best,Sx_02_22_lighting,S,test,lighting,2,Sx_02_22,True,255
native,Sx_02_22_combined,S,test,combined,2,Sx_02_22,False,500
best,Sx_02_22_combined,S,test,combined,2,Sx_02_22,False,500
stage2_best,Sx_02_22_combined,S,test,combined,2,Sx_02_22,False,500
native,Sx_02_26_normal,S,test,normal,2,Sx_02_26,True,260
best,Sx_02_26_normal,S,test,normal,2,Sx_02_26,True,315
stage2_best,Sx_02_26_normal,S,test,normal,2,Sx_02_26,False,500
native,Sx_02_26_camera,S,test,camera,2,Sx_02_26,True,475
best,Sx_02_26_camera,S,test,camera,2,Sx_02_26,False,500
stage2_best,Sx_02_26_camera,S,test,camera,2,Sx_02_26,True,270
native,Sx_02_26_lighting,S,test,lighting,2,Sx_02_26,True,250
best,Sx_02_26_lighting,S,test,lighting,2,Sx_02_26,False,500
stage2_best,Sx_02_26_lighting,S,test,lighting,2,Sx_02_26,False,500
native,Sx_02_26_combined,S,test,combined,2,Sx_02_26,True,260
best,Sx_02_26_combined,S,test,combined,2,Sx_02_26,False,500
stage2_best,Sx_02_26_combined,S,test,combined,2,Sx_02_26,True,255
native,Sx_02_34_normal,S,test,normal,2,Sx_02_34,True,250
best,Sx_02_34_normal,S,test,normal,2,Sx_02_34,True,280
stage2_best,Sx_02_34_normal,S,test,normal,2,Sx_02_34,True,420
native,Sx_02_34_camera,S,test,camera,2,Sx_02_34,False,500
best,Sx_02_34_camera,S,test,camera,2,Sx_02_34,False,500
stage2_best,Sx_02_34_camera,S,test,camera,2,Sx_02_34,True,440
native,Sx_02_34_lighting,S,test,lighting,2,Sx_02_34,True,240
best,Sx_02_34_lighting,S,test,lighting,2,Sx_02_34,True,285
stage2_best,Sx_02_34_lighting,S,test,lighting,2,Sx_02_34,True,275
native,Sx_02_34_combined,S,test,combined,2,Sx_02_34,False,500
best,Sx_02_34_combined,S,test,combined,2,Sx_02_34,False,500
stage2_best,Sx_02_34_combined,S,test,combined,2,Sx_02_34,False,500
native,Sx_02_44_normal,S,test,normal,2,Sx_02_44,False,500
best,Sx_02_44_normal,S,test,normal,2,Sx_02_44,True,270
stage2_best,Sx_02_44_normal,S,test,normal,2,Sx_02_44,True,280
native,Sx_02_44_camera,S,test,camera,2,Sx_02_44,True,425
best,Sx_02_44_camera,S,test,camera,2,Sx_02_44,False,500
stage2_best,Sx_02_44_camera,S,test,camera,2,Sx_02_44,False,500
native,Sx_02_44_lighting,S,test,lighting,2,Sx_02_44,False,500
best,Sx_02_44_lighting,S,test,lighting,2,Sx_02_44,True,340
stage2_best,Sx_02_44_lighting,S,test,lighting,2,Sx_02_44,True,275
native,Sx_02_44_combined,S,test,combined,2,Sx_02_44,True,255
best,Sx_02_44_combined,S,test,combined,2,Sx_02_44,False,500
stage2_best,Sx_02_44_combined,S,test,combined,2,Sx_02_44,True,290
native,Sx_07_22_normal,S,train,normal,7,Sx_07_22,True,235
best,Sx_07_22_normal,S,train,normal,7,Sx_07_22,True,255
stage2_best,Sx_07_22_normal,S,train,normal,7,Sx_07_22,True,245
native,Sx_07_22_camera,S,train,camera,7,Sx_07_22,False,500
best,Sx_07_22_camera,S,train,camera,7,Sx_07_22,False,500
stage2_best,Sx_07_22_camera,S,train,camera,7,Sx_07_22,False,500
native,Sx_07_22_lighting,S,train,lighting,7,Sx_07_22,True,225
best,Sx_07_22_lighting,S,train,lighting,7,Sx_07_22,True,255
stage2_best,Sx_07_22_lighting,S,train,lighting,7,Sx_07_22,True,250
native,Sx_07_22_combined,S,train,combined,7,Sx_07_22,False,500
best,Sx_07_22_combined,S,train,combined,7,Sx_07_22,False,500
stage2_best,Sx_07_22_combined,S,train,combined,7,Sx_07_22,False,500
native,Sx_07_26_normal,S,train,normal,7,Sx_07_26,True,230
best,Sx_07_26_normal,S,train,normal,7,Sx_07_26,True,230
stage2_best,Sx_07_26_normal,S,train,normal,7,Sx_07_26,True,235
native,Sx_07_26_camera,S,train,camera,7,Sx_07_26,False,500
best,Sx_07_26_camera,S,train,camera,7,Sx_07_26,True,340
stage2_best,Sx_07_26_camera,S,train,camera,7,Sx_07_26,False,500
native,Sx_07_26_lighting,S,train,lighting,7,Sx_07_26,True,235
best,Sx_07_26_lighting,S,train,lighting,7,Sx_07_26,True,220
stage2_best,Sx_07_26_lighting,S,train,lighting,7,Sx_07_26,True,230
native,Sx_07_26_combined,S,train,combined,7,Sx_07_26,False,500
best,Sx_07_26_combined,S,train,combined,7,Sx_07_26,True,310
stage2_best,Sx_07_26_combined,S,train,combined,7,Sx_07_26,True,320
native,Sx_07_34_normal,S,train,normal,7,Sx_07_34,True,220
best,Sx_07_34_normal,S,train,normal,7,Sx_07_34,True,215
stage2_best,Sx_07_34_normal,S,train,normal,7,Sx_07_34,True,215
native,Sx_07_34_camera,S,train,camera,7,Sx_07_34,True,220
best,Sx_07_34_camera,S,train,camera,7,Sx_07_34,True,225
stage2_best,Sx_07_34_camera,S,train,camera,7,Sx_07_34,True,220
native,Sx_07_34_lighting,S,train,lighting,7,Sx_07_34,True,220
best,Sx_07_34_lighting,S,train,lighting,7,Sx_07_34,True,215
stage2_best,Sx_07_34_lighting,S,train,lighting,7,Sx_07_34,True,215
native,Sx_07_34_combined,S,train,combined,7,Sx_07_34,True,240
best,Sx_07_34_combined,S,train,combined,7,Sx_07_34,True,225
stage2_best,Sx_07_34_combined,S,train,combined,7,Sx_07_34,True,220
native,Sx_07_44_normal,S,train,normal,7,Sx_07_44,True,225
best,Sx_07_44_normal,S,train,normal,7,Sx_07_44,False,500
stage2_best,Sx_07_44_normal,S,train,normal,7,Sx_07_44,True,215
native,Sx_07_44_camera,S,train,camera,7,Sx_07_44,False,500
best,Sx_07_44_camera,S,train,camera,7,Sx_07_44,True,375
stage2_best,Sx_07_44_camera,S,train,camera,7,Sx_07_44,True,235
native,Sx_07_44_lighting,S,train,lighting,7,Sx_07_44,True,230
best,Sx_07_44_lighting,S,train,lighting,7,Sx_07_44,True,210
stage2_best,Sx_07_44_lighting,S,train,lighting,7,Sx_07_44,True,220
native,Sx_07_44_combined,S,train,combined,7,Sx_07_44,False,500
best,Sx_07_44_combined,S,train,combined,7,Sx_07_44,False,500
stage2_best,Sx_07_44_combined,S,train,combined,7,Sx_07_44,True,240
native,Sx_12_22_normal,S,train,normal,12,Sx_12_22,True,145
best,Sx_12_22_normal,S,train,normal,12,Sx_12_22,True,170
stage2_best,Sx_12_22_normal,S,train,normal,12,Sx_12_22,True,165
native,Sx_12_22_camera,S,train,camera,12,Sx_12_22,True,145
best,Sx_12_22_camera,S,train,camera,12,Sx_12_22,True,205
stage2_best,Sx_12_22_camera,S,train,camera,12,Sx_12_22,True,135
native,Sx_12_22_lighting,S,train,lighting,12,Sx_12_22,True,150
best,Sx_12_22_lighting,S,train,lighting,12,Sx_12_22,True,155
stage2_best,Sx_12_22_lighting,S,train,lighting,12,Sx_12_22,True,150
native,Sx_12_22_combined,S,train,combined,12,Sx_12_22,True,135
best,Sx_12_22_combined,S,train,combined,12,Sx_12_22,True,130
stage2_best,Sx_12_22_combined,S,train,combined,12,Sx_12_22,True,125
native,Sx_12_26_normal,S,train,normal,12,Sx_12_26,True,185
best,Sx_12_26_normal,S,train,normal,12,Sx_12_26,True,200
stage2_best,Sx_12_26_normal,S,train,normal,12,Sx_12_26,True,175
native,Sx_12_26_camera,S,train,camera,12,Sx_12_26,False,300
best,Sx_12_26_camera,S,train,camera,12,Sx_12_26,False,300
stage2_best,Sx_12_26_camera,S,train,camera,12,Sx_12_26,False,300
native,Sx_12_26_lighting,S,train,lighting,12,Sx_12_26,False,300
best,Sx_12_26_lighting,S,train,lighting,12,Sx_12_26,True,155
stage2_best,Sx_12_26_lighting,S,train,lighting,12,Sx_12_26,True,175
native,Sx_12_26_combined,S,train,combined,12,Sx_12_26,False,300
best,Sx_12_26_combined,S,train,combined,12,Sx_12_26,False,300
stage2_best,Sx_12_26_combined,S,train,combined,12,Sx_12_26,False,300
native,Sx_12_34_normal,S,train,normal,12,Sx_12_34,True,125
best,Sx_12_34_normal,S,train,normal,12,Sx_12_34,True,130
stage2_best,Sx_12_34_normal,S,train,normal,12,Sx_12_34,True,130
native,Sx_12_34_camera,S,train,camera,12,Sx_12_34,True,130
best,Sx_12_34_camera,S,train,camera,12,Sx_12_34,True,125
stage2_best,Sx_12_34_camera,S,train,camera,12,Sx_12_34,True,125
native,Sx_12_34_lighting,S,train,lighting,12,Sx_12_34,True,130
best,Sx_12_34_lighting,S,train,lighting,12,Sx_12_34,True,135
stage2_best,Sx_12_34_lighting,S,train,lighting,12,Sx_12_34,True,145
native,Sx_12_34_combined,S,train,combined,12,Sx_12_34,True,140
best,Sx_12_34_combined,S,train,combined,12,Sx_12_34,False,300
stage2_best,Sx_12_34_combined,S,train,combined,12,Sx_12_34,False,300
native,Sx_12_44_normal,S,train,normal,12,Sx_12_44,True,145
best,Sx_12_44_normal,S,train,normal,12,Sx_12_44,True,155
stage2_best,Sx_12_44_normal,S,train,normal,12,Sx_12_44,True,165
native,Sx_12_44_camera,S,train,camera,12,Sx_12_44,True,155
best,Sx_12_44_camera,S,train,camera,12,Sx_12_44,True,295
stage2_best,Sx_12_44_camera,S,train,camera,12,Sx_12_44,True,195
native,Sx_12_44_lighting,S,train,lighting,12,Sx_12_44,True,155
best,Sx_12_44_lighting,S,train,lighting,12,Sx_12_44,True,150
stage2_best,Sx_12_44_lighting,S,train,lighting,12,Sx_12_44,True,145
native,Sx_12_44_combined,S,train,combined,12,Sx_12_44,True,155
best,Sx_12_44_combined,S,train,combined,12,Sx_12_44,True,195
stage2_best,Sx_12_44_combined,S,train,combined,12,Sx_12_44,True,210
native,Sx_17_22_normal,S,train,normal,17,Sx_17_22,True,160
best,Sx_17_22_normal,S,train,normal,17,Sx_17_22,True,115
stage2_best,Sx_17_22_normal,S,train,normal,17,Sx_17_22,True,120
native,Sx_17_22_camera,S,train,camera,17,Sx_17_22,True,130
best,Sx_17_22_camera,S,train,camera,17,Sx_17_22,True,115
stage2_best,Sx_17_22_camera,S,train,camera,17,Sx_17_22,True,120
native,Sx_17_22_lighting,S,train,lighting,17,Sx_17_22,True,155
best,Sx_17_22_lighting,S,train,lighting,17,Sx_17_22,True,115
stage2_best,Sx_17_22_lighting,S,train,lighting,17,Sx_17_22,True,130
native,Sx_17_22_combined,S,train,combined,17,Sx_17_22,True,145
best,Sx_17_22_combined,S,train,combined,17,Sx_17_22,True,120
stage2_best,Sx_17_22_combined,S,train,combined,17,Sx_17_22,True,125
native,Sx_17_26_normal,S,train,normal,17,Sx_17_26,True,125
best,Sx_17_26_normal,S,train,normal,17,Sx_17_26,True,125
stage2_best,Sx_17_26_normal,S,train,normal,17,Sx_17_26,True,175
native,Sx_17_26_camera,S,train,camera,17,Sx_17_26,True,175
best,Sx_17_26_camera,S,train,camera,17,Sx_17_26,True,190
stage2_best,Sx_17_26_camera,S,train,camera,17,Sx_17_26,False,300
native,Sx_17_26_lighting,S,train,lighting,17,Sx_17_26,True,120
best,Sx_17_26_lighting,S,train,lighting,17,Sx_17_26,True,125
stage2_best,Sx_17_26_lighting,S,train,lighting,17,Sx_17_26,True,140
native,Sx_17_26_combined,S,train,combined,17,Sx_17_26,True,130
best,Sx_17_26_combined,S,train,combined,17,Sx_17_26,True,195
stage2_best,Sx_17_26_combined,S,train,combined,17,Sx_17_26,False,300
native,Sx_17_34_normal,S,train,normal,17,Sx_17_34,True,120
best,Sx_17_34_normal,S,train,normal,17,Sx_17_34,True,120
stage2_best,Sx_17_34_normal,S,train,normal,17,Sx_17_34,True,125
native,Sx_17_34_camera,S,train,camera,17,Sx_17_34,False,300
best,Sx_17_34_camera,S,train,camera,17,Sx_17_34,True,120
stage2_best,Sx_17_34_camera,S,train,camera,17,Sx_17_34,True,120
native,Sx_17_34_lighting,S,train,lighting,17,Sx_17_34,True,130
best,Sx_17_34_lighting,S,train,lighting,17,Sx_17_34,True,120
stage2_best,Sx_17_34_lighting,S,train,lighting,17,Sx_17_34,False,300
native,Sx_17_34_combined,S,train,combined,17,Sx_17_34,False,300
best,Sx_17_34_combined,S,train,combined,17,Sx_17_34,True,120
stage2_best,Sx_17_34_combined,S,train,combined,17,Sx_17_34,True,120
native,Sx_17_44_normal,S,train,normal,17,Sx_17_44,True,130
best,Sx_17_44_normal,S,train,normal,17,Sx_17_44,True,125
stage2_best,Sx_17_44_normal,S,train,normal,17,Sx_17_44,True,130
native,Sx_17_44_camera,S,train,camera,17,Sx_17_44,True,120
best,Sx_17_44_camera,S,train,camera,17,Sx_17_44,False,300
stage2_best,Sx_17_44_camera,S,train,camera,17,Sx_17_44,False,300
native,Sx_17_44_lighting,S,train,lighting,17,Sx_17_44,True,130
best,Sx_17_44_lighting,S,train,lighting,17,Sx_17_44,True,125
stage2_best,Sx_17_44_lighting,S,train,lighting,17,Sx_17_44,True,135
native,Sx_17_44_combined,S,train,combined,17,Sx_17_44,True,125
best,Sx_17_44_combined,S,train,combined,17,Sx_17_44,False,300
stage2_best,Sx_17_44_combined,S,train,combined,17,Sx_17_44,False,300
native,Sx_22_22_normal,S,train,normal,22,Sx_22_22,True,145
best,Sx_22_22_normal,S,train,normal,22,Sx_22_22,True,145
stage2_best,Sx_22_22_normal,S,train,normal,22,Sx_22_22,True,180
native,Sx_22_22_camera,S,train,camera,22,Sx_22_22,True,145
best,Sx_22_22_camera,S,train,camera,22,Sx_22_22,True,225
stage2_best,Sx_22_22_camera,S,train,camera,22,Sx_22_22,True,180
native,Sx_22_22_lighting,S,train,lighting,22,Sx_22_22,True,140
best,Sx_22_22_lighting,S,train,lighting,22,Sx_22_22,True,140
stage2_best,Sx_22_22_lighting,S,train,lighting,22,Sx_22_22,True,165
native,Sx_22_22_combined,S,train,combined,22,Sx_22_22,False,300
best,Sx_22_22_combined,S,train,combined,22,Sx_22_22,True,185
stage2_best,Sx_22_22_combined,S,train,combined,22,Sx_22_22,True,150
native,Sx_22_26_normal,S,train,normal,22,Sx_22_26,True,180
best,Sx_22_26_normal,S,train,normal,22,Sx_22_26,True,165
stage2_best,Sx_22_26_normal,S,train,normal,22,Sx_22_26,True,150
native,Sx_22_26_camera,S,train,camera,22,Sx_22_26,False,300
best,Sx_22_26_camera,S,train,camera,22,Sx_22_26,True,185
stage2_best,Sx_22_26_camera,S,train,camera,22,Sx_22_26,True,160
native,Sx_22_26_lighting,S,train,lighting,22,Sx_22_26,True,185
best,Sx_22_26_lighting,S,train,lighting,22,Sx_22_26,True,150
stage2_best,Sx_22_26_lighting,S,train,lighting,22,Sx_22_26,True,140
native,Sx_22_26_combined,S,train,combined,22,Sx_22_26,False,300
best,Sx_22_26_combined,S,train,combined,22,Sx_22_26,True,160
stage2_best,Sx_22_26_combined,S,train,combined,22,Sx_22_26,True,150
native,Sx_22_34_normal,S,train,normal,22,Sx_22_34,True,155
best,Sx_22_34_normal,S,train,normal,22,Sx_22_34,True,150
stage2_best,Sx_22_34_normal,S,train,normal,22,Sx_22_34,True,145
native,Sx_22_34_camera,S,train,camera,22,Sx_22_34,True,145
best,Sx_22_34_camera,S,train,camera,22,Sx_22_34,True,160
stage2_best,Sx_22_34_camera,S,train,camera,22,Sx_22_34,True,155
native,Sx_22_34_lighting,S,train,lighting,22,Sx_22_34,True,145
best,Sx_22_34_lighting,S,train,lighting,22,Sx_22_34,True,150
stage2_best,Sx_22_34_lighting,S,train,lighting,22,Sx_22_34,True,145
native,Sx_22_34_combined,S,train,combined,22,Sx_22_34,True,150
best,Sx_22_34_combined,S,train,combined,22,Sx_22_34,True,135
stage2_best,Sx_22_34_combined,S,train,combined,22,Sx_22_34,True,155
native,Sx_22_44_normal,S,train,normal,22,Sx_22_44,True,135
best,Sx_22_44_normal,S,train,normal,22,Sx_22_44,True,140
stage2_best,Sx_22_44_normal,S,train,normal,22,Sx_22_44,True,190
native,Sx_22_44_camera,S,train,camera,22,Sx_22_44,True,135
best,Sx_22_44_camera,S,train,camera,22,Sx_22_44,True,135
stage2_best,Sx_22_44_camera,S,train,camera,22,Sx_22_44,True,140
native,Sx_22_44_lighting,S,train,lighting,22,Sx_22_44,True,130
best,Sx_22_44_lighting,S,train,lighting,22,Sx_22_44,True,155
stage2_best,Sx_22_44_lighting,S,train,lighting,22,Sx_22_44,True,140
native,Sx_22_44_combined,S,train,combined,22,Sx_22_44,True,195
best,Sx_22_44_combined,S,train,combined,22,Sx_22_44,True,135
stage2_best,Sx_22_44_combined,S,train,combined,22,Sx_22_44,True,140
native,Sx_27_22_normal,S,test,normal,27,Sx_27_22,True,135
best,Sx_27_22_normal,S,test,normal,27,Sx_27_22,True,125
stage2_best,Sx_27_22_normal,S,test,normal,27,Sx_27_22,True,120
native,Sx_27_22_camera,S,test,camera,27,Sx_27_22,True,125
best,Sx_27_22_camera,S,test,camera,27,Sx_27_22,True,125
stage2_best,Sx_27_22_camera,S,test,camera,27,Sx_27_22,True,130
native,Sx_27_22_lighting,S,test,lighting,27,Sx_27_22,True,170
best,Sx_27_22_lighting,S,test,lighting,27,Sx_27_22,True,120
stage2_best,Sx_27_22_lighting,S,test,lighting,27,Sx_27_22,True,170
native,Sx_27_22_combined,S,test,combined,27,Sx_27_22,True,175
best,Sx_27_22_combined,S,test,combined,27,Sx_27_22,True,125
stage2_best,Sx_27_22_combined,S,test,combined,27,Sx_27_22,True,175
native,Sx_27_26_normal,S,test,normal,27,Sx_27_26,True,150
best,Sx_27_26_normal,S,test,normal,27,Sx_27_26,True,125
stage2_best,Sx_27_26_normal,S,test,normal,27,Sx_27_26,True,125
native,Sx_27_26_camera,S,test,camera,27,Sx_27_26,True,125
best,Sx_27_26_camera,S,test,camera,27,Sx_27_26,True,135
stage2_best,Sx_27_26_camera,S,test,camera,27,Sx_27_26,True,130
native,Sx_27_26_lighting,S,test,lighting,27,Sx_27_26,True,120
best,Sx_27_26_lighting,S,test,lighting,27,Sx_27_26,True,125
stage2_best,Sx_27_26_lighting,S,test,lighting,27,Sx_27_26,True,125
native,Sx_27_26_combined,S,test,combined,27,Sx_27_26,True,135
best,Sx_27_26_combined,S,test,combined,27,Sx_27_26,True,135
stage2_best,Sx_27_26_combined,S,test,combined,27,Sx_27_26,True,120
native,Sx_27_34_normal,S,test,normal,27,Sx_27_34,True,205
best,Sx_27_34_normal,S,test,normal,27,Sx_27_34,True,180
stage2_best,Sx_27_34_normal,S,test,normal,27,Sx_27_34,True,130
native,Sx_27_34_camera,S,test,camera,27,Sx_27_34,True,130
best,Sx_27_34_camera,S,test,camera,27,Sx_27_34,True,145
stage2_best,Sx_27_34_camera,S,test,camera,27,Sx_27_34,True,175
native,Sx_27_34_lighting,S,test,lighting,27,Sx_27_34,True,130
best,Sx_27_34_lighting,S,test,lighting,27,Sx_27_34,True,130
stage2_best,Sx_27_34_lighting,S,test,lighting,27,Sx_27_34,True,130
native,Sx_27_34_combined,S,test,combined,27,Sx_27_34,True,125
best,Sx_27_34_combined,S,test,combined,27,Sx_27_34,True,150
stage2_best,Sx_27_34_combined,S,test,combined,27,Sx_27_34,False,300
native,Sx_27_44_normal,S,test,normal,27,Sx_27_44,True,135
best,Sx_27_44_normal,S,test,normal,27,Sx_27_44,True,125
stage2_best,Sx_27_44_normal,S,test,normal,27,Sx_27_44,True,120
native,Sx_27_44_camera,S,test,camera,27,Sx_27_44,True,120
best,Sx_27_44_camera,S,test,camera,27,Sx_27_44,True,130
stage2_best,Sx_27_44_camera,S,test,camera,27,Sx_27_44,False,300
native,Sx_27_44_lighting,S,test,lighting,27,Sx_27_44,True,120
best,Sx_27_44_lighting,S,test,lighting,27,Sx_27_44,True,125
stage2_best,Sx_27_44_lighting,S,test,lighting,27,Sx_27_44,True,125
native,Sx_27_44_combined,S,test,combined,27,Sx_27_44,True,115
best,Sx_27_44_combined,S,test,combined,27,Sx_27_44,True,125
stage2_best,Sx_27_44_combined,S,test,combined,27,Sx_27_44,True,230
native,Sx_32_22_normal,S,train,normal,32,Sx_32_22,True,115
best,Sx_32_22_normal,S,train,normal,32,Sx_32_22,True,120
stage2_best,Sx_32_22_normal,S,train,normal,32,Sx_32_22,True,125
native,Sx_32_22_camera,S,train,camera,32,Sx_32_22,True,130
best,Sx_32_22_camera,S,train,camera,32,Sx_32_22,True,125
stage2_best,Sx_32_22_camera,S,train,camera,32,Sx_32_22,True,130
native,Sx_32_22_lighting,S,train,lighting,32,Sx_32_22,True,120
best,Sx_32_22_lighting,S,train,lighting,32,Sx_32_22,True,120
stage2_best,Sx_32_22_lighting,S,train,lighting,32,Sx_32_22,True,135
native,Sx_32_22_combined,S,train,combined,32,Sx_32_22,True,135
best,Sx_32_22_combined,S,train,combined,32,Sx_32_22,True,135
stage2_best,Sx_32_22_combined,S,train,combined,32,Sx_32_22,True,135
native,Sx_32_26_normal,S,train,normal,32,Sx_32_26,True,125
best,Sx_32_26_normal,S,train,normal,32,Sx_32_26,True,125
stage2_best,Sx_32_26_normal,S,train,normal,32,Sx_32_26,True,120
native,Sx_32_26_camera,S,train,camera,32,Sx_32_26,True,145
best,Sx_32_26_camera,S,train,camera,32,Sx_32_26,False,300
stage2_best,Sx_32_26_camera,S,train,camera,32,Sx_32_26,False,300
native,Sx_32_26_lighting,S,train,lighting,32,Sx_32_26,True,120
best,Sx_32_26_lighting,S,train,lighting,32,Sx_32_26,True,135
stage2_best,Sx_32_26_lighting,S,train,lighting,32,Sx_32_26,True,120
native,Sx_32_26_combined,S,train,combined,32,Sx_32_26,True,140
best,Sx_32_26_combined,S,train,combined,32,Sx_32_26,True,145
stage2_best,Sx_32_26_combined,S,train,combined,32,Sx_32_26,False,300
native,Sx_32_34_normal,S,train,normal,32,Sx_32_34,True,120
best,Sx_32_34_normal,S,train,normal,32,Sx_32_34,False,300
stage2_best,Sx_32_34_normal,S,train,normal,32,Sx_32_34,True,130
native,Sx_32_34_camera,S,train,camera,32,Sx_32_34,False,300
best,Sx_32_34_camera,S,train,camera,32,Sx_32_34,True,165
stage2_best,Sx_32_34_camera,S,train,camera,32,Sx_32_34,True,125
native,Sx_32_34_lighting,S,train,lighting,32,Sx_32_34,True,125
best,Sx_32_34_lighting,S,train,lighting,32,Sx_32_34,True,175
stage2_best,Sx_32_34_lighting,S,train,lighting,32,Sx_32_34,True,135
native,Sx_32_34_combined,S,train,combined,32,Sx_32_34,False,300
best,Sx_32_34_combined,S,train,combined,32,Sx_32_34,False,300
stage2_best,Sx_32_34_combined,S,train,combined,32,Sx_32_34,True,140
native,Sx_32_44_normal,S,train,normal,32,Sx_32_44,True,130
best,Sx_32_44_normal,S,train,normal,32,Sx_32_44,True,130
stage2_best,Sx_32_44_normal,S,train,normal,32,Sx_32_44,True,135
native,Sx_32_44_camera,S,train,camera,32,Sx_32_44,True,130
best,Sx_32_44_camera,S,train,camera,32,Sx_32_44,True,130
stage2_best,Sx_32_44_camera,S,train,camera,32,Sx_32_44,True,135
native,Sx_32_44_lighting,S,train,lighting,32,Sx_32_44,True,130
best,Sx_32_44_lighting,S,train,lighting,32,Sx_32_44,True,130
stage2_best,Sx_32_44_lighting,S,train,lighting,32,Sx_32_44,True,130
native,Sx_32_44_combined,S,train,combined,32,Sx_32_44,True,145
best,Sx_32_44_combined,S,train,combined,32,Sx_32_44,True,130
stage2_best,Sx_32_44_combined,S,train,combined,32,Sx_32_44,True,130
native,Sx_37_22_normal,S,train,normal,37,Sx_37_22,False,300
best,Sx_37_22_normal,S,train,normal,37,Sx_37_22,True,105
stage2_best,Sx_37_22_normal,S,train,normal,37,Sx_37_22,True,90
native,Sx_37_22_camera,S,train,camera,37,Sx_37_22,True,95
best,Sx_37_22_camera,S,train,camera,37,Sx_37_22,True,100
stage2_best,Sx_37_22_camera,S,train,camera,37,Sx_37_22,True,100
native,Sx_37_22_lighting,S,train,lighting,37,Sx_37_22,False,300
best,Sx_37_22_lighting,S,train,lighting,37,Sx_37_22,True,100
stage2_best,Sx_37_22_lighting,S,train,lighting,37,Sx_37_22,True,90
native,Sx_37_22_combined,S,train,combined,37,Sx_37_22,True,100
best,Sx_37_22_combined,S,train,combined,37,Sx_37_22,True,100
stage2_best,Sx_37_22_combined,S,train,combined,37,Sx_37_22,True,100
native,Sx_37_26_normal,S,train,normal,37,Sx_37_26,True,95
best,Sx_37_26_normal,S,train,normal,37,Sx_37_26,True,105
stage2_best,Sx_37_26_normal,S,train,normal,37,Sx_37_26,False,300
native,Sx_37_26_camera,S,train,camera,37,Sx_37_26,False,300
best,Sx_37_26_camera,S,train,camera,37,Sx_37_26,True,100
stage2_best,Sx_37_26_camera,S,train,camera,37,Sx_37_26,False,300
native,Sx_37_26_lighting,S,train,lighting,37,Sx_37_26,True,95
best,Sx_37_26_lighting,S,train,lighting,37,Sx_37_26,True,95
stage2_best,Sx_37_26_lighting,S,train,lighting,37,Sx_37_26,False,300
native,Sx_37_26_combined,S,train,combined,37,Sx_37_26,False,300
best,Sx_37_26_combined,S,train,combined,37,Sx_37_26,True,95
stage2_best,Sx_37_26_combined,S,train,combined,37,Sx_37_26,False,300
native,Sx_37_34_normal,S,train,normal,37,Sx_37_34,True,95
best,Sx_37_34_normal,S,train,normal,37,Sx_37_34,True,95
stage2_best,Sx_37_34_normal,S,train,normal,37,Sx_37_34,True,100
native,Sx_37_34_camera,S,train,camera,37,Sx_37_34,False,300
best,Sx_37_34_camera,S,train,camera,37,Sx_37_34,True,105
stage2_best,Sx_37_34_camera,S,train,camera,37,Sx_37_34,True,95
native,Sx_37_34_lighting,S,train,lighting,37,Sx_37_34,True,100
best,Sx_37_34_lighting,S,train,lighting,37,Sx_37_34,True,100
stage2_best,Sx_37_34_lighting,S,train,lighting,37,Sx_37_34,True,95
native,Sx_37_34_combined,S,train,combined,37,Sx_37_34,False,300
best,Sx_37_34_combined,S,train,combined,37,Sx_37_34,True,110
stage2_best,Sx_37_34_combined,S,train,combined,37,Sx_37_34,True,95
native,Sx_37_44_normal,S,train,normal,37,Sx_37_44,True,85
best,Sx_37_44_normal,S,train,normal,37,Sx_37_44,False,300
stage2_best,Sx_37_44_normal,S,train,normal,37,Sx_37_44,True,90
native,Sx_37_44_camera,S,train,camera,37,Sx_37_44,False,300
best,Sx_37_44_camera,S,train,camera,37,Sx_37_44,True,170
stage2_best,Sx_37_44_camera,S,train,camera,37,Sx_37_44,False,300
native,Sx_37_44_lighting,S,train,lighting,37,Sx_37_44,True,90
best,Sx_37_44_lighting,S,train,lighting,37,Sx_37_44,False,300
stage2_best,Sx_37_44_lighting,S,train,lighting,37,Sx_37_44,True,100
native,Sx_37_44_combined,S,train,combined,37,Sx_37_44,False,300
best,Sx_37_44_combined,S,train,combined,37,Sx_37_44,True,105
stage2_best,Sx_37_44_combined,S,train,combined,37,Sx_37_44,True,215
native,Sx_03_22_normal,S,test,normal,3,Sx_03_22,True,380
best,Sx_03_22_normal,S,test,normal,3,Sx_03_22,True,400
stage2_best,Sx_03_22_normal,S,test,normal,3,Sx_03_22,False,500
native,Sx_03_22_camera,S,test,camera,3,Sx_03_22,False,500
best,Sx_03_22_camera,S,test,camera,3,Sx_03_22,False,500
stage2_best,Sx_03_22_camera,S,test,camera,3,Sx_03_22,False,500
native,Sx_03_22_lighting,S,test,lighting,3,Sx_03_22,False,500
best,Sx_03_22_lighting,S,test,lighting,3,Sx_03_22,True,395
stage2_best,Sx_03_22_lighting,S,test,lighting,3,Sx_03_22,True,390
native,Sx_03_22_combined,S,test,combined,3,Sx_03_22,False,500
best,Sx_03_22_combined,S,test,combined,3,Sx_03_22,True,415
stage2_best,Sx_03_22_combined,S,test,combined,3,Sx_03_22,False,500
native,Sx_03_26_normal,S,test,normal,3,Sx_03_26,True,430
best,Sx_03_26_normal,S,test,normal,3,Sx_03_26,True,345
stage2_best,Sx_03_26_normal,S,test,normal,3,Sx_03_26,True,365
native,Sx_03_26_camera,S,test,camera,3,Sx_03_26,True,365
best,Sx_03_26_camera,S,test,camera,3,Sx_03_26,True,345
stage2_best,Sx_03_26_camera,S,test,camera,3,Sx_03_26,False,500
native,Sx_03_26_lighting,S,test,lighting,3,Sx_03_26,False,500
best,Sx_03_26_lighting,S,test,lighting,3,Sx_03_26,True,370
stage2_best,Sx_03_26_lighting,S,test,lighting,3,Sx_03_26,True,360
native,Sx_03_26_combined,S,test,combined,3,Sx_03_26,True,355
best,Sx_03_26_combined,S,test,combined,3,Sx_03_26,True,360
stage2_best,Sx_03_26_combined,S,test,combined,3,Sx_03_26,False,500
native,Sx_03_34_normal,S,test,normal,3,Sx_03_34,True,435
best,Sx_03_34_normal,S,test,normal,3,Sx_03_34,False,500
stage2_best,Sx_03_34_normal,S,test,normal,3,Sx_03_34,True,430
native,Sx_03_34_camera,S,test,camera,3,Sx_03_34,False,500
best,Sx_03_34_camera,S,test,camera,3,Sx_03_34,True,400
stage2_best,Sx_03_34_camera,S,test,camera,3,Sx_03_34,True,390
native,Sx_03_34_lighting,S,test,lighting,3,Sx_03_34,True,360
best,Sx_03_34_lighting,S,test,lighting,3,Sx_03_34,True,375
stage2_best,Sx_03_34_lighting,S,test,lighting,3,Sx_03_34,True,470
native,Sx_03_34_combined,S,test,combined,3,Sx_03_34,False,500
best,Sx_03_34_combined,S,test,combined,3,Sx_03_34,True,400
stage2_best,Sx_03_34_combined,S,test,combined,3,Sx_03_34,True,450
native,Sx_03_44_normal,S,test,normal,3,Sx_03_44,False,500
best,Sx_03_44_normal,S,test,normal,3,Sx_03_44,True,410
stage2_best,Sx_03_44_normal,S,test,normal,3,Sx_03_44,True,370
native,Sx_03_44_camera,S,test,camera,3,Sx_03_44,False,500
best,Sx_03_44_camera,S,test,camera,3,Sx_03_44,False,500
stage2_best,Sx_03_44_camera,S,test,camera,3,Sx_03_44,False,500
native,Sx_03_44_lighting,S,test,lighting,3,Sx_03_44,False,500
best,Sx_03_44_lighting,S,test,lighting,3,Sx_03_44,True,370
stage2_best,Sx_03_44_lighting,S,test,lighting,3,Sx_03_44,True,360
native,Sx_03_44_combined,S,test,combined,3,Sx_03_44,False,500
best,Sx_03_44_combined,S,test,combined,3,Sx_03_44,False,500
stage2_best,Sx_03_44_combined,S,test,combined,3,Sx_03_44,False,500
native,Sx_08_22_normal,S,train,normal,8,Sx_08_22,False,500
best,Sx_08_22_normal,S,train,normal,8,Sx_08_22,True,250
stage2_best,Sx_08_22_normal,S,train,normal,8,Sx_08_22,True,235
native,Sx_08_22_camera,S,train,camera,8,Sx_08_22,True,220
best,Sx_08_22_camera,S,train,camera,8,Sx_08_22,True,245
stage2_best,Sx_08_22_camera,S,train,camera,8,Sx_08_22,True,250
native,Sx_08_22_lighting,S,train,lighting,8,Sx_08_22,True,245
best,Sx_08_22_lighting,S,train,lighting,8,Sx_08_22,True,250
stage2_best,Sx_08_22_lighting,S,train,lighting,8,Sx_08_22,True,235
native,Sx_08_22_combined,S,train,combined,8,Sx_08_22,True,240
best,Sx_08_22_combined,S,train,combined,8,Sx_08_22,True,260
stage2_best,Sx_08_22_combined,S,train,combined,8,Sx_08_22,True,250
native,Sx_08_26_normal,S,train,normal,8,Sx_08_26,True,335
best,Sx_08_26_normal,S,train,normal,8,Sx_08_26,True,235
stage2_best,Sx_08_26_normal,S,train,normal,8,Sx_08_26,True,220
native,Sx_08_26_camera,S,train,camera,8,Sx_08_26,False,500
best,Sx_08_26_camera,S,train,camera,8,Sx_08_26,False,500
stage2_best,Sx_08_26_camera,S,train,camera,8,Sx_08_26,False,500
native,Sx_08_26_lighting,S,train,lighting,8,Sx_08_26,False,500
best,Sx_08_26_lighting,S,train,lighting,8,Sx_08_26,True,255
stage2_best,Sx_08_26_lighting,S,train,lighting,8,Sx_08_26,True,230
native,Sx_08_26_combined,S,train,combined,8,Sx_08_26,False,500
best,Sx_08_26_combined,S,train,combined,8,Sx_08_26,False,500
stage2_best,Sx_08_26_combined,S,train,combined,8,Sx_08_26,False,500
native,Sx_08_34_normal,S,train,normal,8,Sx_08_34,True,335
best,Sx_08_34_normal,S,train,normal,8,Sx_08_34,True,245
stage2_best,Sx_08_34_normal,S,train,normal,8,Sx_08_34,True,220
native,Sx_08_34_camera,S,train,camera,8,Sx_08_34,False,500
best,Sx_08_34_camera,S,train,camera,8,Sx_08_34,False,500
stage2_best,Sx_08_34_camera,S,train,camera,8,Sx_08_34,True,385
native,Sx_08_34_lighting,S,train,lighting,8,Sx_08_34,True,240
best,Sx_08_34_lighting,S,train,lighting,8,Sx_08_34,True,215
stage2_best,Sx_08_34_lighting,S,train,lighting,8,Sx_08_34,True,255
native,Sx_08_34_combined,S,train,combined,8,Sx_08_34,True,235
best,Sx_08_34_combined,S,train,combined,8,Sx_08_34,True,310
stage2_best,Sx_08_34_combined,S,train,combined,8,Sx_08_34,True,230
native,Sx_08_44_normal,S,train,normal,8,Sx_08_44,True,205
best,Sx_08_44_normal,S,train,normal,8,Sx_08_44,True,210
stage2_best,Sx_08_44_normal,S,train,normal,8,Sx_08_44,True,235
native,Sx_08_44_camera,S,train,camera,8,Sx_08_44,False,500
best,Sx_08_44_camera,S,train,camera,8,Sx_08_44,True,280
stage2_best,Sx_08_44_camera,S,train,camera,8,Sx_08_44,True,235
native,Sx_08_44_lighting,S,train,lighting,8,Sx_08_44,True,205
best,Sx_08_44_lighting,S,train,lighting,8,Sx_08_44,True,210
stage2_best,Sx_08_44_lighting,S,train,lighting,8,Sx_08_44,True,225
native,Sx_08_44_combined,S,train,combined,8,Sx_08_44,False,500
best,Sx_08_44_combined,S,train,combined,8,Sx_08_44,True,235
stage2_best,Sx_08_44_combined,S,train,combined,8,Sx_08_44,True,255
native,Sx_13_22_normal,S,train,normal,13,Sx_13_22,True,75
best,Sx_13_22_normal,S,train,normal,13,Sx_13_22,True,80
stage2_best,Sx_13_22_normal,S,train,normal,13,Sx_13_22,True,85
native,Sx_13_22_camera,S,train,camera,13,Sx_13_22,True,75
best,Sx_13_22_camera,S,train,camera,13,Sx_13_22,True,100
stage2_best,Sx_13_22_camera,S,train,camera,13,Sx_13_22,True,85
native,Sx_13_22_lighting,S,train,lighting,13,Sx_13_22,True,75
best,Sx_13_22_lighting,S,train,lighting,13,Sx_13_22,True,90
stage2_best,Sx_13_22_lighting,S,train,lighting,13,Sx_13_22,True,75
native,Sx_13_22_combined,S,train,combined,13,Sx_13_22,True,80
best,Sx_13_22_combined,S,train,combined,13,Sx_13_22,True,95
stage2_best,Sx_13_22_combined,S,train,combined,13,Sx_13_22,True,85
native,Sx_13_26_normal,S,train,normal,13,Sx_13_26,True,80
best,Sx_13_26_normal,S,train,normal,13,Sx_13_26,True,95
stage2_best,Sx_13_26_normal,S,train,normal,13,Sx_13_26,True,95
native,Sx_13_26_camera,S,train,camera,13,Sx_13_26,True,85
best,Sx_13_26_camera,S,train,camera,13,Sx_13_26,True,110
stage2_best,Sx_13_26_camera,S,train,camera,13,Sx_13_26,True,105
native,Sx_13_26_lighting,S,train,lighting,13,Sx_13_26,True,75
best,Sx_13_26_lighting,S,train,lighting,13,Sx_13_26,True,95
stage2_best,Sx_13_26_lighting,S,train,lighting,13,Sx_13_26,True,95
native,Sx_13_26_combined,S,train,combined,13,Sx_13_26,True,90
best,Sx_13_26_combined,S,train,combined,13,Sx_13_26,True,110
stage2_best,Sx_13_26_combined,S,train,combined,13,Sx_13_26,True,100
native,Sx_13_34_normal,S,train,normal,13,Sx_13_34,True,75
best,Sx_13_34_normal,S,train,normal,13,Sx_13_34,True,75
stage2_best,Sx_13_34_normal,S,train,normal,13,Sx_13_34,True,75
native,Sx_13_34_camera,S,train,camera,13,Sx_13_34,True,75
best,Sx_13_34_camera,S,train,camera,13,Sx_13_34,True,75
stage2_best,Sx_13_34_camera,S,train,camera,13,Sx_13_34,True,120
native,Sx_13_34_lighting,S,train,lighting,13,Sx_13_34,True,75
best,Sx_13_34_lighting,S,train,lighting,13,Sx_13_34,True,75
stage2_best,Sx_13_34_lighting,S,train,lighting,13,Sx_13_34,True,75
native,Sx_13_34_combined,S,train,combined,13,Sx_13_34,True,75
best,Sx_13_34_combined,S,train,combined,13,Sx_13_34,True,80
stage2_best,Sx_13_34_combined,S,train,combined,13,Sx_13_34,True,80
native,Sx_13_44_normal,S,train,normal,13,Sx_13_44,True,70
best,Sx_13_44_normal,S,train,normal,13,Sx_13_44,True,85
stage2_best,Sx_13_44_normal,S,train,normal,13,Sx_13_44,True,75
native,Sx_13_44_camera,S,train,camera,13,Sx_13_44,True,90
best,Sx_13_44_camera,S,train,camera,13,Sx_13_44,True,100
stage2_best,Sx_13_44_camera,S,train,camera,13,Sx_13_44,True,90
native,Sx_13_44_lighting,S,train,lighting,13,Sx_13_44,True,75
best,Sx_13_44_lighting,S,train,lighting,13,Sx_13_44,True,85
stage2_best,Sx_13_44_lighting,S,train,lighting,13,Sx_13_44,True,80
native,Sx_13_44_combined,S,train,combined,13,Sx_13_44,True,90
best,Sx_13_44_combined,S,train,combined,13,Sx_13_44,True,100
stage2_best,Sx_13_44_combined,S,train,combined,13,Sx_13_44,True,90
native,Sx_18_22_normal,S,train,normal,18,Sx_18_22,True,80
best,Sx_18_22_normal,S,train,normal,18,Sx_18_22,True,105
stage2_best,Sx_18_22_normal,S,train,normal,18,Sx_18_22,True,120
native,Sx_18_22_camera,S,train,camera,18,Sx_18_22,True,80
best,Sx_18_22_camera,S,train,camera,18,Sx_18_22,True,85
stage2_best,Sx_18_22_camera,S,train,camera,18,Sx_18_22,True,80
native,Sx_18_22_lighting,S,train,lighting,18,Sx_18_22,True,85
best,Sx_18_22_lighting,S,train,lighting,18,Sx_18_22,True,100
stage2_best,Sx_18_22_lighting,S,train,lighting,18,Sx_18_22,True,120
native,Sx_18_22_combined,S,train,combined,18,Sx_18_22,True,80
best,Sx_18_22_combined,S,train,combined,18,Sx_18_22,True,85
stage2_best,Sx_18_22_combined,S,train,combined,18,Sx_18_22,True,80
native,Sx_18_26_normal,S,train,normal,18,Sx_18_26,True,85
best,Sx_18_26_normal,S,train,normal,18,Sx_18_26,True,105
stage2_best,Sx_18_26_normal,S,train,normal,18,Sx_18_26,True,95
native,Sx_18_26_camera,S,train,camera,18,Sx_18_26,True,85
best,Sx_18_26_camera,S,train,camera,18,Sx_18_26,True,75
stage2_best,Sx_18_26_camera,S,train,camera,18,Sx_18_26,True,85
native,Sx_18_26_lighting,S,train,lighting,18,Sx_18_26,True,80
best,Sx_18_26_lighting,S,train,lighting,18,Sx_18_26,True,110
stage2_best,Sx_18_26_lighting,S,train,lighting,18,Sx_18_26,True,105
native,Sx_18_26_combined,S,train,combined,18,Sx_18_26,True,85
best,Sx_18_26_combined,S,train,combined,18,Sx_18_26,True,75
stage2_best,Sx_18_26_combined,S,train,combined,18,Sx_18_26,True,85
native,Sx_18_34_normal,S,train,normal,18,Sx_18_34,True,90
best,Sx_18_34_normal,S,train,normal,18,Sx_18_34,True,95
stage2_best,Sx_18_34_normal,S,train,normal,18,Sx_18_34,True,100
native,Sx_18_34_camera,S,train,camera,18,Sx_18_34,True,85
best,Sx_18_34_camera,S,train,camera,18,Sx_18_34,True,95
stage2_best,Sx_18_34_camera,S,train,camera,18,Sx_18_34,True,95
native,Sx_18_34_lighting,S,train,lighting,18,Sx_18_34,True,90
best,Sx_18_34_lighting,S,train,lighting,18,Sx_18_34,True,95
stage2_best,Sx_18_34_lighting,S,train,lighting,18,Sx_18_34,True,100
native,Sx_18_34_combined,S,train,combined,18,Sx_18_34,True,160
best,Sx_18_34_combined,S,train,combined,18,Sx_18_34,True,95
stage2_best,Sx_18_34_combined,S,train,combined,18,Sx_18_34,True,95
native,Sx_18_44_normal,S,train,normal,18,Sx_18_44,True,80
best,Sx_18_44_normal,S,train,normal,18,Sx_18_44,True,85
stage2_best,Sx_18_44_normal,S,train,normal,18,Sx_18_44,True,85
native,Sx_18_44_camera,S,train,camera,18,Sx_18_44,True,80
best,Sx_18_44_camera,S,train,camera,18,Sx_18_44,True,90
stage2_best,Sx_18_44_camera,S,train,camera,18,Sx_18_44,True,95
native,Sx_18_44_lighting,S,train,lighting,18,Sx_18_44,True,80
best,Sx_18_44_lighting,S,train,lighting,18,Sx_18_44,True,85
stage2_best,Sx_18_44_lighting,S,train,lighting,18,Sx_18_44,True,85
native,Sx_18_44_combined,S,train,combined,18,Sx_18_44,True,160
best,Sx_18_44_combined,S,train,combined,18,Sx_18_44,True,90
stage2_best,Sx_18_44_combined,S,train,combined,18,Sx_18_44,True,95
native,Sx_23_22_normal,S,train,normal,23,Sx_23_22,True,145
best,Sx_23_22_normal,S,train,normal,23,Sx_23_22,True,145
stage2_best,Sx_23_22_normal,S,train,normal,23,Sx_23_22,True,150
native,Sx_23_22_camera,S,train,camera,23,Sx_23_22,True,195
best,Sx_23_22_camera,S,train,camera,23,Sx_23_22,True,140
stage2_best,Sx_23_22_camera,S,train,camera,23,Sx_23_22,True,145
native,Sx_23_22_lighting,S,train,lighting,23,Sx_23_22,True,190
best,Sx_23_22_lighting,S,train,lighting,23,Sx_23_22,True,150
stage2_best,Sx_23_22_lighting,S,train,lighting,23,Sx_23_22,True,155
native,Sx_23_22_combined,S,train,combined,23,Sx_23_22,True,150
best,Sx_23_22_combined,S,train,combined,23,Sx_23_22,True,140
stage2_best,Sx_23_22_combined,S,train,combined,23,Sx_23_22,True,145
native,Sx_23_26_normal,S,train,normal,23,Sx_23_26,True,145
best,Sx_23_26_normal,S,train,normal,23,Sx_23_26,True,145
stage2_best,Sx_23_26_normal,S,train,normal,23,Sx_23_26,True,140
native,Sx_23_26_camera,S,train,camera,23,Sx_23_26,True,140
best,Sx_23_26_camera,S,train,camera,23,Sx_23_26,True,150
stage2_best,Sx_23_26_camera,S,train,camera,23,Sx_23_26,True,145
native,Sx_23_26_lighting,S,train,lighting,23,Sx_23_26,True,145
best,Sx_23_26_lighting,S,train,lighting,23,Sx_23_26,True,155
stage2_best,Sx_23_26_lighting,S,train,lighting,23,Sx_23_26,True,140
native,Sx_23_26_combined,S,train,combined,23,Sx_23_26,True,140
best,Sx_23_26_combined,S,train,combined,23,Sx_23_26,True,145
stage2_best,Sx_23_26_combined,S,train,combined,23,Sx_23_26,True,140
native,Sx_23_34_normal,S,train,normal,23,Sx_23_34,True,135
best,Sx_23_34_normal,S,train,normal,23,Sx_23_34,True,160
stage2_best,Sx_23_34_normal,S,train,normal,23,Sx_23_34,True,165
native,Sx_23_34_camera,S,train,camera,23,Sx_23_34,True,180
best,Sx_23_34_camera,S,train,camera,23,Sx_23_34,True,150
stage2_best,Sx_23_34_camera,S,train,camera,23,Sx_23_34,True,150
native,Sx_23_34_lighting,S,train,lighting,23,Sx_23_34,True,140
best,Sx_23_34_lighting,S,train,lighting,23,Sx_23_34,True,160
stage2_best,Sx_23_34_lighting,S,train,lighting,23,Sx_23_34,True,170
native,Sx_23_34_combined,S,train,combined,23,Sx_23_34,True,170
best,Sx_23_34_combined,S,train,combined,23,Sx_23_34,True,150
stage2_best,Sx_23_34_combined,S,train,combined,23,Sx_23_34,True,145
native,Sx_23_44_normal,S,train,normal,23,Sx_23_44,True,145
best,Sx_23_44_normal,S,train,normal,23,Sx_23_44,True,150
stage2_best,Sx_23_44_normal,S,train,normal,23,Sx_23_44,True,150
native,Sx_23_44_camera,S,train,camera,23,Sx_23_44,True,135
best,Sx_23_44_camera,S,train,camera,23,Sx_23_44,True,150
stage2_best,Sx_23_44_camera,S,train,camera,23,Sx_23_44,True,155
native,Sx_23_44_lighting,S,train,lighting,23,Sx_23_44,True,140
best,Sx_23_44_lighting,S,train,lighting,23,Sx_23_44,True,145
stage2_best,Sx_23_44_lighting,S,train,lighting,23,Sx_23_44,True,150
native,Sx_23_44_combined,S,train,combined,23,Sx_23_44,True,150
best,Sx_23_44_combined,S,train,combined,23,Sx_23_44,True,150
stage2_best,Sx_23_44_combined,S,train,combined,23,Sx_23_44,True,150
native,Sx_28_22_normal,S,train,normal,28,Sx_28_22,True,115
best,Sx_28_22_normal,S,train,normal,28,Sx_28_22,True,115
stage2_best,Sx_28_22_normal,S,train,normal,28,Sx_28_22,True,120
native,Sx_28_22_camera,S,train,camera,28,Sx_28_22,True,175
best,Sx_28_22_camera,S,train,camera,28,Sx_28_22,True,165
stage2_best,Sx_28_22_camera,S,train,camera,28,Sx_28_22,True,115
native,Sx_28_22_lighting,S,train,lighting,28,Sx_28_22,True,115
best,Sx_28_22_lighting,S,train,lighting,28,Sx_28_22,True,115
stage2_best,Sx_28_22_lighting,S,train,lighting,28,Sx_28_22,True,130
native,Sx_28_22_combined,S,train,combined,28,Sx_28_22,True,180
best,Sx_28_22_combined,S,train,combined,28,Sx_28_22,True,160
stage2_best,Sx_28_22_combined,S,train,combined,28,Sx_28_22,True,115
native,Sx_28_26_normal,S,train,normal,28,Sx_28_26,True,100
best,Sx_28_26_normal,S,train,normal,28,Sx_28_26,True,130
stage2_best,Sx_28_26_normal,S,train,normal,28,Sx_28_26,True,125
native,Sx_28_26_camera,S,train,camera,28,Sx_28_26,True,210
best,Sx_28_26_camera,S,train,camera,28,Sx_28_26,True,210
stage2_best,Sx_28_26_camera,S,train,camera,28,Sx_28_26,True,155
native,Sx_28_26_lighting,S,train,lighting,28,Sx_28_26,True,105
best,Sx_28_26_lighting,S,train,lighting,28,Sx_28_26,True,120
stage2_best,Sx_28_26_lighting,S,train,lighting,28,Sx_28_26,True,120
native,Sx_28_26_combined,S,train,combined,28,Sx_28_26,False,300
best,Sx_28_26_combined,S,train,combined,28,Sx_28_26,True,210
stage2_best,Sx_28_26_combined,S,train,combined,28,Sx_28_26,True,185
native,Sx_28_34_normal,S,train,normal,28,Sx_28_34,True,110
best,Sx_28_34_normal,S,train,normal,28,Sx_28_34,True,120
stage2_best,Sx_28_34_normal,S,train,normal,28,Sx_28_34,True,110
native,Sx_28_34_camera,S,train,camera,28,Sx_28_34,False,300
best,Sx_28_34_camera,S,train,camera,28,Sx_28_34,True,110
stage2_best,Sx_28_34_camera,S,train,camera,28,Sx_28_34,True,160
native,Sx_28_34_lighting,S,train,lighting,28,Sx_28_34,True,110
best,Sx_28_34_lighting,S,train,lighting,28,Sx_28_34,True,115
stage2_best,Sx_28_34_lighting,S,train,lighting,28,Sx_28_34,True,110
native,Sx_28_34_combined,S,train,combined,28,Sx_28_34,True,225
best,Sx_28_34_combined,S,train,combined,28,Sx_28_34,True,110
stage2_best,Sx_28_34_combined,S,train,combined,28,Sx_28_34,True,150
native,Sx_28_44_normal,S,train,normal,28,Sx_28_44,True,110
best,Sx_28_44_normal,S,train,normal,28,Sx_28_44,True,115
stage2_best,Sx_28_44_normal,S,train,normal,28,Sx_28_44,True,125
native,Sx_28_44_camera,S,train,camera,28,Sx_28_44,False,300
best,Sx_28_44_camera,S,train,camera,28,Sx_28_44,True,160
stage2_best,Sx_28_44_camera,S,train,camera,28,Sx_28_44,True,120
native,Sx_28_44_lighting,S,train,lighting,28,Sx_28_44,True,110
best,Sx_28_44_lighting,S,train,lighting,28,Sx_28_44,True,110
stage2_best,Sx_28_44_lighting,S,train,lighting,28,Sx_28_44,True,125
native,Sx_28_44_combined,S,train,combined,28,Sx_28_44,True,230
best,Sx_28_44_combined,S,train,combined,28,Sx_28_44,True,170
stage2_best,Sx_28_44_combined,S,train,combined,28,Sx_28_44,True,125
native,Sx_33_22_normal,S,train,normal,33,Sx_33_22,True,110
best,Sx_33_22_normal,S,train,normal,33,Sx_33_22,True,100
stage2_best,Sx_33_22_normal,S,train,normal,33,Sx_33_22,True,115
native,Sx_33_22_camera,S,train,camera,33,Sx_33_22,True,120
best,Sx_33_22_camera,S,train,camera,33,Sx_33_22,True,120
stage2_best,Sx_33_22_camera,S,train,camera,33,Sx_33_22,True,115
native,Sx_33_22_lighting,S,train,lighting,33,Sx_33_22,True,105
best,Sx_33_22_lighting,S,train,lighting,33,Sx_33_22,True,105
stage2_best,Sx_33_22_lighting,S,train,lighting,33,Sx_33_22,True,110
native,Sx_33_22_combined,S,train,combined,33,Sx_33_22,True,115
best,Sx_33_22_combined,S,train,combined,33,Sx_33_22,True,115
stage2_best,Sx_33_22_combined,S,train,combined,33,Sx_33_22,True,115
native,Sx_33_26_normal,S,train,normal,33,Sx_33_26,True,115
best,Sx_33_26_normal,S,train,normal,33,Sx_33_26,True,110
stage2_best,Sx_33_26_normal,S,train,normal,33,Sx_33_26,True,110
native,Sx_33_26_camera,S,train,camera,33,Sx_33_26,True,110
best,Sx_33_26_camera,S,train,camera,33,Sx_33_26,True,120
stage2_best,Sx_33_26_camera,S,train,camera,33,Sx_33_26,True,120
native,Sx_33_26_lighting,S,train,lighting,33,Sx_33_26,True,115
best,Sx_33_26_lighting,S,train,lighting,33,Sx_33_26,True,110
stage2_best,Sx_33_26_lighting,S,train,lighting,33,Sx_33_26,True,110
native,Sx_33_26_combined,S,train,combined,33,Sx_33_26,True,110
best,Sx_33_26_combined,S,train,combined,33,Sx_33_26,True,115
stage2_best,Sx_33_26_combined,S,train,combined,33,Sx_33_26,True,115
native,Sx_33_34_normal,S,train,normal,33,Sx_33_34,True,115
best,Sx_33_34_normal,S,train,normal,33,Sx_33_34,True,105
stage2_best,Sx_33_34_normal,S,train,normal,33,Sx_33_34,True,105
native,Sx_33_34_camera,S,train,camera,33,Sx_33_34,True,120
best,Sx_33_34_camera,S,train,camera,33,Sx_33_34,True,130
stage2_best,Sx_33_34_camera,S,train,camera,33,Sx_33_34,True,125
native,Sx_33_34_lighting,S,train,lighting,33,Sx_33_34,True,110
best,Sx_33_34_lighting,S,train,lighting,33,Sx_33_34,True,100
stage2_best,Sx_33_34_lighting,S,train,lighting,33,Sx_33_34,True,105
native,Sx_33_34_combined,S,train,combined,33,Sx_33_34,True,120
best,Sx_33_34_combined,S,train,combined,33,Sx_33_34,True,130
stage2_best,Sx_33_34_combined,S,train,combined,33,Sx_33_34,True,130
native,Sx_33_44_normal,S,train,normal,33,Sx_33_44,True,100
best,Sx_33_44_normal,S,train,normal,33,Sx_33_44,True,100
stage2_best,Sx_33_44_normal,S,train,normal,33,Sx_33_44,True,105
native,Sx_33_44_camera,S,train,camera,33,Sx_33_44,True,105
best,Sx_33_44_camera,S,train,camera,33,Sx_33_44,True,105
stage2_best,Sx_33_44_camera,S,train,camera,33,Sx_33_44,False,300
native,Sx_33_44_lighting,S,train,lighting,33,Sx_33_44,True,100
best,Sx_33_44_lighting,S,train,lighting,33,Sx_33_44,True,100
stage2_best,Sx_33_44_lighting,S,train,lighting,33,Sx_33_44,True,105
native,Sx_33_44_combined,S,train,combined,33,Sx_33_44,True,105
best,Sx_33_44_combined,S,train,combined,33,Sx_33_44,True,160
stage2_best,Sx_33_44_combined,S,train,combined,33,Sx_33_44,False,300
native,Sx_38_22_normal,S,train,normal,38,Sx_38_22,True,110
best,Sx_38_22_normal,S,train,normal,38,Sx_38_22,True,120
stage2_best,Sx_38_22_normal,S,train,normal,38,Sx_38_22,True,125
native,Sx_38_22_camera,S,train,camera,38,Sx_38_22,True,110
best,Sx_38_22_camera,S,train,camera,38,Sx_38_22,True,120
stage2_best,Sx_38_22_camera,S,train,camera,38,Sx_38_22,True,120
native,Sx_38_22_lighting,S,train,lighting,38,Sx_38_22,True,115
best,Sx_38_22_lighting,S,train,lighting,38,Sx_38_22,True,190
stage2_best,Sx_38_22_lighting,S,train,lighting,38,Sx_38_22,True,130
native,Sx_38_22_combined,S,train,combined,38,Sx_38_22,True,110
best,Sx_38_22_combined,S,train,combined,38,Sx_38_22,True,120
stage2_best,Sx_38_22_combined,S,train,combined,38,Sx_38_22,True,120
native,Sx_38_26_normal,S,train,normal,38,Sx_38_26,True,125
best,Sx_38_26_normal,S,train,normal,38,Sx_38_26,True,125
stage2_best,Sx_38_26_normal,S,train,normal,38,Sx_38_26,True,120
native,Sx_38_26_camera,S,train,camera,38,Sx_38_26,True,110
best,Sx_38_26_camera,S,train,camera,38,Sx_38_26,True,175
stage2_best,Sx_38_26_camera,S,train,camera,38,Sx_38_26,True,130
native,Sx_38_26_lighting,S,train,lighting,38,Sx_38_26,True,125
best,Sx_38_26_lighting,S,train,lighting,38,Sx_38_26,True,125
stage2_best,Sx_38_26_lighting,S,train,lighting,38,Sx_38_26,True,120
native,Sx_38_26_combined,S,train,combined,38,Sx_38_26,True,115
best,Sx_38_26_combined,S,train,combined,38,Sx_38_26,True,175
stage2_best,Sx_38_26_combined,S,train,combined,38,Sx_38_26,True,125
native,Sx_38_34_normal,S,train,normal,38,Sx_38_34,True,115
best,Sx_38_34_normal,S,train,normal,38,Sx_38_34,True,120
stage2_best,Sx_38_34_normal,S,train,normal,38,Sx_38_34,True,110
native,Sx_38_34_camera,S,train,camera,38,Sx_38_34,True,120
best,Sx_38_34_camera,S,train,camera,38,Sx_38_34,True,120
stage2_best,Sx_38_34_camera,S,train,camera,38,Sx_38_34,True,130
native,Sx_38_34_lighting,S,train,lighting,38,Sx_38_34,True,115
best,Sx_38_34_lighting,S,train,lighting,38,Sx_38_34,True,150
stage2_best,Sx_38_34_lighting,S,train,lighting,38,Sx_38_34,True,120
native,Sx_38_34_combined,S,train,combined,38,Sx_38_34,True,120
best,Sx_38_34_combined,S,train,combined,38,Sx_38_34,True,120
stage2_best,Sx_38_34_combined,S,train,combined,38,Sx_38_34,True,130
native,Sx_38_44_normal,S,train,normal,38,Sx_38_44,True,105
best,Sx_38_44_normal,S,train,normal,38,Sx_38_44,True,115
stage2_best,Sx_38_44_normal,S,train,normal,38,Sx_38_44,True,115
native,Sx_38_44_camera,S,train,camera,38,Sx_38_44,True,115
best,Sx_38_44_camera,S,train,camera,38,Sx_38_44,True,115
stage2_best,Sx_38_44_camera,S,train,camera,38,Sx_38_44,True,115
native,Sx_38_44_lighting,S,train,lighting,38,Sx_38_44,True,105
best,Sx_38_44_lighting,S,train,lighting,38,Sx_38_44,True,115
stage2_best,Sx_38_44_lighting,S,train,lighting,38,Sx_38_44,True,115
native,Sx_38_44_combined,S,train,combined,38,Sx_38_44,True,115
best,Sx_38_44_combined,S,train,combined,38,Sx_38_44,True,115
stage2_best,Sx_38_44_combined,S,train,combined,38,Sx_38_44,True,165
native,Sx_04_22_normal,S,train,normal,4,Sx_04_22,True,235
best,Sx_04_22_normal,S,train,normal,4,Sx_04_22,True,250
stage2_best,Sx_04_22_normal,S,train,normal,4,Sx_04_22,True,245
native,Sx_04_22_camera,S,train,camera,4,Sx_04_22,False,500
best,Sx_04_22_camera,S,train,camera,4,Sx_04_22,True,450
stage2_best,Sx_04_22_camera,S,train,camera,4,Sx_04_22,False,500
native,Sx_04_22_lighting,S,train,lighting,4,Sx_04_22,True,235
best,Sx_04_22_lighting,S,train,lighting,4,Sx_04_22,True,245
stage2_best,Sx_04_22_lighting,S,train,lighting,4,Sx_04_22,True,240
native,Sx_04_22_combined,S,train,combined,4,Sx_04_22,False,500
best,Sx_04_22_combined,S,train,combined,4,Sx_04_22,False,500
stage2_best,Sx_04_22_combined,S,train,combined,4,Sx_04_22,False,500
native,Sx_04_26_normal,S,train,normal,4,Sx_04_26,True,255
best,Sx_04_26_normal,S,train,normal,4,Sx_04_26,True,260
stage2_best,Sx_04_26_normal,S,train,normal,4,Sx_04_26,True,270
native,Sx_04_26_camera,S,train,camera,4,Sx_04_26,True,245
best,Sx_04_26_camera,S,train,camera,4,Sx_04_26,True,295
stage2_best,Sx_04_26_camera,S,train,camera,4,Sx_04_26,True,340
native,Sx_04_26_lighting,S,train,lighting,4,Sx_04_26,True,245
best,Sx_04_26_lighting,S,train,lighting,4,Sx_04_26,True,260
stage2_best,Sx_04_26_lighting,S,train,lighting,4,Sx_04_26,True,270
native,Sx_04_26_combined,S,train,combined,4,Sx_04_26,True,235
best,Sx_04_26_combined,S,train,combined,4,Sx_04_26,True,265
stage2_best,Sx_04_26_combined,S,train,combined,4,Sx_04_26,True,315
native,Sx_04_34_normal,S,train,normal,4,Sx_04_34,True,235
best,Sx_04_34_normal,S,train,normal,4,Sx_04_34,True,275
stage2_best,Sx_04_34_normal,S,train,normal,4,Sx_04_34,True,260
native,Sx_04_34_camera,S,train,camera,4,Sx_04_34,True,260
best,Sx_04_34_camera,S,train,camera,4,Sx_04_34,True,250
stage2_best,Sx_04_34_camera,S,train,camera,4,Sx_04_34,True,275
native,Sx_04_34_lighting,S,train,lighting,4,Sx_04_34,True,295
best,Sx_04_34_lighting,S,train,lighting,4,Sx_04_34,True,275
stage2_best,Sx_04_34_lighting,S,train,lighting,4,Sx_04_34,True,275
native,Sx_04_34_combined,S,train,combined,4,Sx_04_34,True,260
best,Sx_04_34_combined,S,train,combined,4,Sx_04_34,True,250
stage2_best,Sx_04_34_combined,S,train,combined,4,Sx_04_34,True,250
native,Sx_04_44_normal,S,train,normal,4,Sx_04_44,True,245
best,Sx_04_44_normal,S,train,normal,4,Sx_04_44,True,240
stage2_best,Sx_04_44_normal,S,train,normal,4,Sx_04_44,True,235
native,Sx_04_44_camera,S,train,camera,4,Sx_04_44,True,325
best,Sx_04_44_camera,S,train,camera,4,Sx_04_44,True,255
stage2_best,Sx_04_44_camera,S,train,camera,4,Sx_04_44,True,300
native,Sx_04_44_lighting,S,train,lighting,4,Sx_04_44,True,240
best,Sx_04_44_lighting,S,train,lighting,4,Sx_04_44,True,230
stage2_best,Sx_04_44_lighting,S,train,lighting,4,Sx_04_44,True,240
native,Sx_04_44_combined,S,train,combined,4,Sx_04_44,False,500
best,Sx_04_44_combined,S,train,combined,4,Sx_04_44,True,290
stage2_best,Sx_04_44_combined,S,train,combined,4,Sx_04_44,True,240
native,Sx_09_22_normal,S,test,normal,9,Sx_09_22,False,500
best,Sx_09_22_normal,S,test,normal,9,Sx_09_22,True,210
stage2_best,Sx_09_22_normal,S,test,normal,9,Sx_09_22,True,185
native,Sx_09_22_camera,S,test,camera,9,Sx_09_22,True,440
best,Sx_09_22_camera,S,test,camera,9,Sx_09_22,True,170
stage2_best,Sx_09_22_camera,S,test,camera,9,Sx_09_22,True,185
native,Sx_09_22_lighting,S,test,lighting,9,Sx_09_22,False,500
best,Sx_09_22_lighting,S,test,lighting,9,Sx_09_22,True,205
stage2_best,Sx_09_22_lighting,S,test,lighting,9,Sx_09_22,True,215
native,Sx_09_22_combined,S,test,combined,9,Sx_09_22,True,290
best,Sx_09_22_combined,S,test,combined,9,Sx_09_22,True,205
stage2_best,Sx_09_22_combined,S,test,combined,9,Sx_09_22,True,175
native,Sx_09_26_normal,S,test,normal,9,Sx_09_26,True,200
best,Sx_09_26_normal,S,test,normal,9,Sx_09_26,True,170
stage2_best,Sx_09_26_normal,S,test,normal,9,Sx_09_26,True,155
native,Sx_09_26_camera,S,test,camera,9,Sx_09_26,True,170
best,Sx_09_26_camera,S,test,camera,9,Sx_09_26,True,190
stage2_best,Sx_09_26_camera,S,test,camera,9,Sx_09_26,True,190
native,Sx_09_26_lighting,S,test,lighting,9,Sx_09_26,True,200
best,Sx_09_26_lighting,S,test,lighting,9,Sx_09_26,True,200
stage2_best,Sx_09_26_lighting,S,test,lighting,9,Sx_09_26,True,335
native,Sx_09_26_combined,S,test,combined,9,Sx_09_26,True,175
best,Sx_09_26_combined,S,test,combined,9,Sx_09_26,True,190
stage2_best,Sx_09_26_combined,S,test,combined,9,Sx_09_26,True,185
native,Sx_09_34_normal,S,test,normal,9,Sx_09_34,True,160
best,Sx_09_34_normal,S,test,normal,9,Sx_09_34,True,185
stage2_best,Sx_09_34_normal,S,test,normal,9,Sx_09_34,True,165
native,Sx_09_34_camera,S,test,camera,9,Sx_09_34,True,195
best,Sx_09_34_camera,S,test,camera,9,Sx_09_34,True,210
stage2_best,Sx_09_34_camera,S,test,camera,9,Sx_09_34,True,205
native,Sx_09_34_lighting,S,test,lighting,9,Sx_09_34,True,160
best,Sx_09_34_lighting,S,test,lighting,9,Sx_09_34,True,180
stage2_best,Sx_09_34_lighting,S,test,lighting,9,Sx_09_34,True,180
native,Sx_09_34_combined,S,test,combined,9,Sx_09_34,True,250
best,Sx_09_34_combined,S,test,combined,9,Sx_09_34,True,205
stage2_best,Sx_09_34_combined,S,test,combined,9,Sx_09_34,True,195
native,Sx_09_44_normal,S,test,normal,9,Sx_09_44,True,180
best,Sx_09_44_normal,S,test,normal,9,Sx_09_44,True,170
stage2_best,Sx_09_44_normal,S,test,normal,9,Sx_09_44,True,150
native,Sx_09_44_camera,S,test,camera,9,Sx_09_44,True,160
best,Sx_09_44_camera,S,test,camera,9,Sx_09_44,True,200
stage2_best,Sx_09_44_camera,S,test,camera,9,Sx_09_44,True,165
native,Sx_09_44_lighting,S,test,lighting,9,Sx_09_44,True,165
best,Sx_09_44_lighting,S,test,lighting,9,Sx_09_44,True,175
stage2_best,Sx_09_44_lighting,S,test,lighting,9,Sx_09_44,True,155
native,Sx_09_44_combined,S,test,combined,9,Sx_09_44,True,155
best,Sx_09_44_combined,S,test,combined,9,Sx_09_44,True,175
stage2_best,Sx_09_44_combined,S,test,combined,9,Sx_09_44,True,195
native,Sx_14_22_normal,S,train,normal,14,Sx_14_22,True,90
best,Sx_14_22_normal,S,train,normal,14,Sx_14_22,True,90
stage2_best,Sx_14_22_normal,S,train,normal,14,Sx_14_22,True,90
native,Sx_14_22_camera,S,train,camera,14,Sx_14_22,True,80
best,Sx_14_22_camera,S,train,camera,14,Sx_14_22,True,90
stage2_best,Sx_14_22_camera,S,train,camera,14,Sx_14_22,True,85
native,Sx_14_22_lighting,S,train,lighting,14,Sx_14_22,True,90
best,Sx_14_22_lighting,S,train,lighting,14,Sx_14_22,True,90
stage2_best,Sx_14_22_lighting,S,train,lighting,14,Sx_14_22,True,90
native,Sx_14_22_combined,S,train,combined,14,Sx_14_22,True,70
best,Sx_14_22_combined,S,train,combined,14,Sx_14_22,True,90
stage2_best,Sx_14_22_combined,S,train,combined,14,Sx_14_22,True,85
native,Sx_14_26_normal,S,train,normal,14,Sx_14_26,True,85
best,Sx_14_26_normal,S,train,normal,14,Sx_14_26,True,180
stage2_best,Sx_14_26_normal,S,train,normal,14,Sx_14_26,True,90
native,Sx_14_26_camera,S,train,camera,14,Sx_14_26,True,85
best,Sx_14_26_camera,S,train,camera,14,Sx_14_26,True,95
stage2_best,Sx_14_26_camera,S,train,camera,14,Sx_14_26,True,95
native,Sx_14_26_lighting,S,train,lighting,14,Sx_14_26,True,85
best,Sx_14_26_lighting,S,train,lighting,14,Sx_14_26,True,95
stage2_best,Sx_14_26_lighting,S,train,lighting,14,Sx_14_26,True,135
native,Sx_14_26_combined,S,train,combined,14,Sx_14_26,True,85
best,Sx_14_26_combined,S,train,combined,14,Sx_14_26,True,95
stage2_best,Sx_14_26_combined,S,train,combined,14,Sx_14_26,True,95
native,Sx_14_34_normal,S,train,normal,14,Sx_14_34,True,80
best,Sx_14_34_normal,S,train,normal,14,Sx_14_34,True,85
stage2_best,Sx_14_34_normal,S,train,normal,14,Sx_14_34,True,90
native,Sx_14_34_camera,S,train,camera,14,Sx_14_34,True,75
best,Sx_14_34_camera,S,train,camera,14,Sx_14_34,True,80
stage2_best,Sx_14_34_camera,S,train,camera,14,Sx_14_34,True,80
native,Sx_14_34_lighting,S,train,lighting,14,Sx_14_34,True,80
best,Sx_14_34_lighting,S,train,lighting,14,Sx_14_34,True,85
stage2_best,Sx_14_34_lighting,S,train,lighting,14,Sx_14_34,True,90
native,Sx_14_34_combined,S,train,combined,14,Sx_14_34,True,80
best,Sx_14_34_combined,S,train,combined,14,Sx_14_34,True,80
stage2_best,Sx_14_34_combined,S,train,combined,14,Sx_14_34,True,80
native,Sx_14_44_normal,S,train,normal,14,Sx_14_44,True,85
best,Sx_14_44_normal,S,train,normal,14,Sx_14_44,True,125
stage2_best,Sx_14_44_normal,S,train,normal,14,Sx_14_44,True,95
native,Sx_14_44_camera,S,train,camera,14,Sx_14_44,True,90
best,Sx_14_44_camera,S,train,camera,14,Sx_14_44,True,90
stage2_best,Sx_14_44_camera,S,train,camera,14,Sx_14_44,True,95
native,Sx_14_44_lighting,S,train,lighting,14,Sx_14_44,True,80
best,Sx_14_44_lighting,S,train,lighting,14,Sx_14_44,True,95
stage2_best,Sx_14_44_lighting,S,train,lighting,14,Sx_14_44,True,185
native,Sx_14_44_combined,S,train,combined,14,Sx_14_44,True,90
best,Sx_14_44_combined,S,train,combined,14,Sx_14_44,True,95
stage2_best,Sx_14_44_combined,S,train,combined,14,Sx_14_44,True,90
native,Sx_19_22_normal,S,train,normal,19,Sx_19_22,True,80
best,Sx_19_22_normal,S,train,normal,19,Sx_19_22,True,80
stage2_best,Sx_19_22_normal,S,train,normal,19,Sx_19_22,True,75
native,Sx_19_22_camera,S,train,camera,19,Sx_19_22,True,95
best,Sx_19_22_camera,S,train,camera,19,Sx_19_22,True,100
stage2_best,Sx_19_22_camera,S,train,camera,19,Sx_19_22,True,85
native,Sx_19_22_lighting,S,train,lighting,19,Sx_19_22,True,85
best,Sx_19_22_lighting,S,train,lighting,19,Sx_19_22,True,80
stage2_best,Sx_19_22_lighting,S,train,lighting,19,Sx_19_22,True,75
native,Sx_19_22_combined,S,train,combined,19,Sx_19_22,True,95
best,Sx_19_22_combined,S,train,combined,19,Sx_19_22,True,100
stage2_best,Sx_19_22_combined,S,train,combined,19,Sx_19_22,True,90
native,Sx_19_26_normal,S,train,normal,19,Sx_19_26,True,80
best,Sx_19_26_normal,S,train,normal,19,Sx_19_26,True,85
stage2_best,Sx_19_26_normal,S,train,normal,19,Sx_19_26,True,90
native,Sx_19_26_camera,S,train,camera,19,Sx_19_26,True,75
best,Sx_19_26_camera,S,train,camera,19,Sx_19_26,True,100
stage2_best,Sx_19_26_camera,S,train,camera,19,Sx_19_26,True,95
native,Sx_19_26_lighting,S,train,lighting,19,Sx_19_26,True,80
best,Sx_19_26_lighting,S,train,lighting,19,Sx_19_26,True,85
stage2_best,Sx_19_26_lighting,S,train,lighting,19,Sx_19_26,True,140
native,Sx_19_26_combined,S,train,combined,19,Sx_19_26,True,75
best,Sx_19_26_combined,S,train,combined,19,Sx_19_26,True,100
stage2_best,Sx_19_26_combined,S,train,combined,19,Sx_19_26,True,90
native,Sx_19_34_normal,S,train,normal,19,Sx_19_34,True,70
best,Sx_19_34_normal,S,train,normal,19,Sx_19_34,True,80
stage2_best,Sx_19_34_normal,S,train,normal,19,Sx_19_34,True,80
native,Sx_19_34_camera,S,train,camera,19,Sx_19_34,True,80
best,Sx_19_34_camera,S,train,camera,19,Sx_19_34,True,75
stage2_best,Sx_19_34_camera,S,train,camera,19,Sx_19_34,True,75
native,Sx_19_34_lighting,S,train,lighting,19,Sx_19_34,True,70
best,Sx_19_34_lighting,S,train,lighting,19,Sx_19_34,True,80
stage2_best,Sx_19_34_lighting,S,train,lighting,19,Sx_19_34,True,75
native,Sx_19_34_combined,S,train,combined,19,Sx_19_34,True,80
best,Sx_19_34_combined,S,train,combined,19,Sx_19_34,True,80
stage2_best,Sx_19_34_combined,S,train,combined,19,Sx_19_34,True,80
native,Sx_19_44_normal,S,train,normal,19,Sx_19_44,True,75
best,Sx_19_44_normal,S,train,normal,19,Sx_19_44,True,80
stage2_best,Sx_19_44_normal,S,train,normal,19,Sx_19_44,True,95
native,Sx_19_44_camera,S,train,camera,19,Sx_19_44,True,65
best,Sx_19_44_camera,S,train,camera,19,Sx_19_44,True,75
stage2_best,Sx_19_44_camera,S,train,camera,19,Sx_19_44,True,65
native,Sx_19_44_lighting,S,train,lighting,19,Sx_19_44,True,75
best,Sx_19_44_lighting,S,train,lighting,19,Sx_19_44,True,80
stage2_best,Sx_19_44_lighting,S,train,lighting,19,Sx_19_44,True,90
native,Sx_19_44_combined,S,train,combined,19,Sx_19_44,True,65
best,Sx_19_44_combined,S,train,combined,19,Sx_19_44,True,75
stage2_best,Sx_19_44_combined,S,train,combined,19,Sx_19_44,True,70
native,Sx_24_22_normal,S,validation,normal,24,Sx_24_22,True,170
best,Sx_24_22_normal,S,validation,normal,24,Sx_24_22,True,125
stage2_best,Sx_24_22_normal,S,validation,normal,24,Sx_24_22,True,135
native,Sx_24_22_camera,S,validation,camera,24,Sx_24_22,True,295
best,Sx_24_22_camera,S,validation,camera,24,Sx_24_22,True,160
stage2_best,Sx_24_22_camera,S,validation,camera,24,Sx_24_22,True,245
native,Sx_24_22_lighting,S,validation,lighting,24,Sx_24_22,True,175
best,Sx_24_22_lighting,S,validation,lighting,24,Sx_24_22,True,135
stage2_best,Sx_24_22_lighting,S,validation,lighting,24,Sx_24_22,True,135
native,Sx_24_22_combined,S,validation,combined,24,Sx_24_22,False,300
best,Sx_24_22_combined,S,validation,combined,24,Sx_24_22,True,170
stage2_best,Sx_24_22_combined,S,validation,combined,24,Sx_24_22,True,170
native,Sx_24_26_normal,S,validation,normal,24,Sx_24_26,True,130
best,Sx_24_26_normal,S,validation,normal,24,Sx_24_26,True,150
stage2_best,Sx_24_26_normal,S,validation,normal,24,Sx_24_26,True,175
native,Sx_24_26_camera,S,validation,camera,24,Sx_24_26,False,300
best,Sx_24_26_camera,S,validation,camera,24,Sx_24_26,True,210
stage2_best,Sx_24_26_camera,S,validation,camera,24,Sx_24_26,False,300
native,Sx_24_26_lighting,S,validation,lighting,24,Sx_24_26,True,225
best,Sx_24_26_lighting,S,validation,lighting,24,Sx_24_26,True,135
stage2_best,Sx_24_26_lighting,S,validation,lighting,24,Sx_24_26,True,155
native,Sx_24_26_combined,S,validation,combined,24,Sx_24_26,False,300
best,Sx_24_26_combined,S,validation,combined,24,Sx_24_26,True,135
stage2_best,Sx_24_26_combined,S,validation,combined,24,Sx_24_26,True,150
native,Sx_24_34_normal,S,validation,normal,24,Sx_24_34,True,145
best,Sx_24_34_normal,S,validation,normal,24,Sx_24_34,True,125
stage2_best,Sx_24_34_normal,S,validation,normal,24,Sx_24_34,True,125
native,Sx_24_34_camera,S,validation,camera,24,Sx_24_34,True,155
best,Sx_24_34_camera,S,validation,camera,24,Sx_24_34,True,200
stage2_best,Sx_24_34_camera,S,validation,camera,24,Sx_24_34,True,165
native,Sx_24_34_lighting,S,validation,lighting,24,Sx_24_34,True,120
best,Sx_24_34_lighting,S,validation,lighting,24,Sx_24_34,True,155
stage2_best,Sx_24_34_lighting,S,validation,lighting,24,Sx_24_34,True,125
native,Sx_24_34_combined,S,validation,combined,24,Sx_24_34,True,205
best,Sx_24_34_combined,S,validation,combined,24,Sx_24_34,True,230
stage2_best,Sx_24_34_combined,S,validation,combined,24,Sx_24_34,True,145
native,Sx_24_44_normal,S,validation,normal,24,Sx_24_44,True,110
best,Sx_24_44_normal,S,validation,normal,24,Sx_24_44,True,130
stage2_best,Sx_24_44_normal,S,validation,normal,24,Sx_24_44,True,130
native,Sx_24_44_camera,S,validation,camera,24,Sx_24_44,True,130
best,Sx_24_44_camera,S,validation,camera,24,Sx_24_44,True,140
stage2_best,Sx_24_44_camera,S,validation,camera,24,Sx_24_44,True,140
native,Sx_24_44_lighting,S,validation,lighting,24,Sx_24_44,True,115
best,Sx_24_44_lighting,S,validation,lighting,24,Sx_24_44,True,130
stage2_best,Sx_24_44_lighting,S,validation,lighting,24,Sx_24_44,True,130
native,Sx_24_44_combined,S,validation,combined,24,Sx_24_44,True,130
best,Sx_24_44_combined,S,validation,combined,24,Sx_24_44,True,140
stage2_best,Sx_24_44_combined,S,validation,combined,24,Sx_24_44,True,130
native,Sx_29_22_normal,S,train,normal,29,Sx_29_22,True,120
best,Sx_29_22_normal,S,train,normal,29,Sx_29_22,True,180
stage2_best,Sx_29_22_normal,S,train,normal,29,Sx_29_22,True,135
native,Sx_29_22_camera,S,train,camera,29,Sx_29_22,True,210
best,Sx_29_22_camera,S,train,camera,29,Sx_29_22,True,165
stage2_best,Sx_29_22_camera,S,train,camera,29,Sx_29_22,True,260
native,Sx_29_22_lighting,S,train,lighting,29,Sx_29_22,True,115
best,Sx_29_22_lighting,S,train,lighting,29,Sx_29_22,True,205
stage2_best,Sx_29_22_lighting,S,train,lighting,29,Sx_29_22,True,135
native,Sx_29_22_combined,S,train,combined,29,Sx_29_22,False,300
best,Sx_29_22_combined,S,train,combined,29,Sx_29_22,True,175
stage2_best,Sx_29_22_combined,S,train,combined,29,Sx_29_22,True,165
native,Sx_29_26_normal,S,train,normal,29,Sx_29_26,True,115
best,Sx_29_26_normal,S,train,normal,29,Sx_29_26,True,120
stage2_best,Sx_29_26_normal,S,train,normal,29,Sx_29_26,True,140
native,Sx_29_26_camera,S,train,camera,29,Sx_29_26,True,115
best,Sx_29_26_camera,S,train,camera,29,Sx_29_26,True,120
stage2_best,Sx_29_26_camera,S,train,camera,29,Sx_29_26,True,130
native,Sx_29_26_lighting,S,train,lighting,29,Sx_29_26,True,125
best,Sx_29_26_lighting,S,train,lighting,29,Sx_29_26,True,110
stage2_best,Sx_29_26_lighting,S,train,lighting,29,Sx_29_26,True,130
native,Sx_29_26_combined,S,train,combined,29,Sx_29_26,True,130
best,Sx_29_26_combined,S,train,combined,29,Sx_29_26,True,120
stage2_best,Sx_29_26_combined,S,train,combined,29,Sx_29_26,True,125
native,Sx_29_34_normal,S,train,normal,29,Sx_29_34,True,265
best,Sx_29_34_normal,S,train,normal,29,Sx_29_34,True,120
stage2_best,Sx_29_34_normal,S,train,normal,29,Sx_29_34,True,120
native,Sx_29_34_camera,S,train,camera,29,Sx_29_34,True,130
best,Sx_29_34_camera,S,train,camera,29,Sx_29_34,True,125
stage2_best,Sx_29_34_camera,S,train,camera,29,Sx_29_34,True,130
native,Sx_29_34_lighting,S,train,lighting,29,Sx_29_34,True,215
best,Sx_29_34_lighting,S,train,lighting,29,Sx_29_34,True,120
stage2_best,Sx_29_34_lighting,S,train,lighting,29,Sx_29_34,True,145
native,Sx_29_34_combined,S,train,combined,29,Sx_29_34,True,130
best,Sx_29_34_combined,S,train,combined,29,Sx_29_34,True,120
stage2_best,Sx_29_34_combined,S,train,combined,29,Sx_29_34,True,130
native,Sx_29_44_normal,S,train,normal,29,Sx_29_44,True,125
best,Sx_29_44_normal,S,train,normal,29,Sx_29_44,True,120
stage2_best,Sx_29_44_normal,S,train,normal,29,Sx_29_44,True,145
native,Sx_29_44_camera,S,train,camera,29,Sx_29_44,True,125
best,Sx_29_44_camera,S,train,camera,29,Sx_29_44,True,135
stage2_best,Sx_29_44_camera,S,train,camera,29,Sx_29_44,True,125
native,Sx_29_44_lighting,S,train,lighting,29,Sx_29_44,True,125
best,Sx_29_44_lighting,S,train,lighting,29,Sx_29_44,True,120
stage2_best,Sx_29_44_lighting,S,train,lighting,29,Sx_29_44,True,125
native,Sx_29_44_combined,S,train,combined,29,Sx_29_44,True,165
best,Sx_29_44_combined,S,train,combined,29,Sx_29_44,True,135
stage2_best,Sx_29_44_combined,S,train,combined,29,Sx_29_44,True,125
native,Sx_34_22_normal,S,train,normal,34,Sx_34_22,True,90
best,Sx_34_22_normal,S,train,normal,34,Sx_34_22,True,95
stage2_best,Sx_34_22_normal,S,train,normal,34,Sx_34_22,True,100
native,Sx_34_22_camera,S,train,camera,34,Sx_34_22,True,90
best,Sx_34_22_camera,S,train,camera,34,Sx_34_22,True,90
stage2_best,Sx_34_22_camera,S,train,camera,34,Sx_34_22,True,90
native,Sx_34_22_lighting,S,train,lighting,34,Sx_34_22,True,90
best,Sx_34_22_lighting,S,train,lighting,34,Sx_34_22,True,95
stage2_best,Sx_34_22_lighting,S,train,lighting,34,Sx_34_22,True,100
native,Sx_34_22_combined,S,train,combined,34,Sx_34_22,True,85
best,Sx_34_22_combined,S,train,combined,34,Sx_34_22,True,90
stage2_best,Sx_34_22_combined,S,train,combined,34,Sx_34_22,True,90
native,Sx_34_26_normal,S,train,normal,34,Sx_34_26,True,90
best,Sx_34_26_normal,S,train,normal,34,Sx_34_26,True,115
stage2_best,Sx_34_26_normal,S,train,normal,34,Sx_34_26,True,115
native,Sx_34_26_camera,S,train,camera,34,Sx_34_26,True,150
best,Sx_34_26_camera,S,train,camera,34,Sx_34_26,True,100
stage2_best,Sx_34_26_camera,S,train,camera,34,Sx_34_26,True,95
native,Sx_34_26_lighting,S,train,lighting,34,Sx_34_26,True,90
best,Sx_34_26_lighting,S,train,lighting,34,Sx_34_26,True,115
stage2_best,Sx_34_26_lighting,S,train,lighting,34,Sx_34_26,True,105
native,Sx_34_26_combined,S,train,combined,34,Sx_34_26,True,175
best,Sx_34_26_combined,S,train,combined,34,Sx_34_26,True,100
stage2_best,Sx_34_26_combined,S,train,combined,34,Sx_34_26,True,100
native,Sx_34_34_normal,S,train,normal,34,Sx_34_34,True,90
best,Sx_34_34_normal,S,train,normal,34,Sx_34_34,True,100
stage2_best,Sx_34_34_normal,S,train,normal,34,Sx_34_34,True,100
native,Sx_34_34_camera,S,train,camera,34,Sx_34_34,True,90
best,Sx_34_34_camera,S,train,camera,34,Sx_34_34,True,95
stage2_best,Sx_34_34_camera,S,train,camera,34,Sx_34_34,True,95
native,Sx_34_34_lighting,S,train,lighting,34,Sx_34_34,True,90
best,Sx_34_34_lighting,S,train,lighting,34,Sx_34_34,True,115
stage2_best,Sx_34_34_lighting,S,train,lighting,34,Sx_34_34,True,100
native,Sx_34_34_combined,S,train,combined,34,Sx_34_34,True,90
best,Sx_34_34_combined,S,train,combined,34,Sx_34_34,False,300
stage2_best,Sx_34_34_combined,S,train,combined,34,Sx_34_34,True,95
native,Sx_34_44_normal,S,train,normal,34,Sx_34_44,True,140
best,Sx_34_44_normal,S,train,normal,34,Sx_34_44,True,100
stage2_best,Sx_34_44_normal,S,train,normal,34,Sx_34_44,True,100
native,Sx_34_44_camera,S,train,camera,34,Sx_34_44,True,100
best,Sx_34_44_camera,S,train,camera,34,Sx_34_44,True,185
stage2_best,Sx_34_44_camera,S,train,camera,34,Sx_34_44,True,175
native,Sx_34_44_lighting,S,train,lighting,34,Sx_34_44,True,120
best,Sx_34_44_lighting,S,train,lighting,34,Sx_34_44,True,100
stage2_best,Sx_34_44_lighting,S,train,lighting,34,Sx_34_44,True,100
native,Sx_34_44_combined,S,train,combined,34,Sx_34_44,True,110
best,Sx_34_44_combined,S,train,combined,34,Sx_34_44,True,170
stage2_best,Sx_34_44_combined,S,train,combined,34,Sx_34_44,True,115
native,Sx_39_22_normal,S,train,normal,39,Sx_39_22,True,120
best,Sx_39_22_normal,S,train,normal,39,Sx_39_22,True,130
stage2_best,Sx_39_22_normal,S,train,normal,39,Sx_39_22,True,140
native,Sx_39_22_camera,S,train,camera,39,Sx_39_22,True,120
best,Sx_39_22_camera,S,train,camera,39,Sx_39_22,True,135
stage2_best,Sx_39_22_camera,S,train,camera,39,Sx_39_22,True,125
native,Sx_39_22_lighting,S,train,lighting,39,Sx_39_22,True,120
best,Sx_39_22_lighting,S,train,lighting,39,Sx_39_22,True,130
stage2_best,Sx_39_22_lighting,S,train,lighting,39,Sx_39_22,True,130
native,Sx_39_22_combined,S,train,combined,39,Sx_39_22,True,125
best,Sx_39_22_combined,S,train,combined,39,Sx_39_22,True,240
stage2_best,Sx_39_22_combined,S,train,combined,39,Sx_39_22,True,130
native,Sx_39_26_normal,S,train,normal,39,Sx_39_26,True,120
best,Sx_39_26_normal,S,train,normal,39,Sx_39_26,True,125
stage2_best,Sx_39_26_normal,S,train,normal,39,Sx_39_26,True,130
native,Sx_39_26_camera,S,train,camera,39,Sx_39_26,True,125
best,Sx_39_26_camera,S,train,camera,39,Sx_39_26,True,115
stage2_best,Sx_39_26_camera,S,train,camera,39,Sx_39_26,True,115
native,Sx_39_26_lighting,S,train,lighting,39,Sx_39_26,True,120
best,Sx_39_26_lighting,S,train,lighting,39,Sx_39_26,True,125
stage2_best,Sx_39_26_lighting,S,train,lighting,39,Sx_39_26,True,120
native,Sx_39_26_combined,S,train,combined,39,Sx_39_26,True,115
best,Sx_39_26_combined,S,train,combined,39,Sx_39_26,True,115
stage2_best,Sx_39_26_combined,S,train,combined,39,Sx_39_26,True,125
native,Sx_39_34_normal,S,train,normal,39,Sx_39_34,True,115
best,Sx_39_34_normal,S,train,normal,39,Sx_39_34,True,120
stage2_best,Sx_39_34_normal,S,train,normal,39,Sx_39_34,True,115
native,Sx_39_34_camera,S,train,camera,39,Sx_39_34,True,120
best,Sx_39_34_camera,S,train,camera,39,Sx_39_34,True,125
stage2_best,Sx_39_34_camera,S,train,camera,39,Sx_39_34,True,115
native,Sx_39_34_lighting,S,train,lighting,39,Sx_39_34,True,125
best,Sx_39_34_lighting,S,train,lighting,39,Sx_39_34,True,125
stage2_best,Sx_39_34_lighting,S,train,lighting,39,Sx_39_34,True,115
native,Sx_39_34_combined,S,train,combined,39,Sx_39_34,True,115
best,Sx_39_34_combined,S,train,combined,39,Sx_39_34,True,130
stage2_best,Sx_39_34_combined,S,train,combined,39,Sx_39_34,True,120
native,Sx_39_44_normal,S,train,normal,39,Sx_39_44,True,115
best,Sx_39_44_normal,S,train,normal,39,Sx_39_44,True,130
stage2_best,Sx_39_44_normal,S,train,normal,39,Sx_39_44,True,140
native,Sx_39_44_camera,S,train,camera,39,Sx_39_44,True,125
best,Sx_39_44_camera,S,train,camera,39,Sx_39_44,True,125
stage2_best,Sx_39_44_camera,S,train,camera,39,Sx_39_44,True,140
native,Sx_39_44_lighting,S,train,lighting,39,Sx_39_44,True,125
best,Sx_39_44_lighting,S,train,lighting,39,Sx_39_44,True,135
stage2_best,Sx_39_44_lighting,S,train,lighting,39,Sx_39_44,True,140
native,Sx_39_44_combined,S,train,combined,39,Sx_39_44,True,125
best,Sx_39_44_combined,S,train,combined,39,Sx_39_44,True,170
stage2_best,Sx_39_44_combined,S,train,combined,39,Sx_39_44,True,175
