kind,case_id,layout,task_index,our_training_split,target_object,condition,policy,correct_or_successful,control_steps,wall_seconds,axis_displacement_m,target_index,manual_seed
H,Hx_00_26_target0_visible,Hx_00_26,13,train,akita_black_bowl_1,visible,native,True,5,8.693364476785064,-0.0050154402089445625,0,16243
H,Hx_00_26_target0_visible,Hx_00_26,13,train,akita_black_bowl_1,visible,best,True,5,8.73090433795005,-0.0037798336957150964,0,16243
H,Hx_00_26_target0_hidden,Hx_00_26,13,train,akita_black_bowl_1,hidden,native,True,5,8.485156008973718,-0.009711822023287969,0,16243
H,Hx_00_26_target0_hidden,Hx_00_26,13,train,akita_black_bowl_1,hidden,best,True,5,8.89466102141887,-0.0025165524599088454,0,16243
H,Hx_00_26_target1_visible,Hx_00_26,13,train,akita_black_bowl_1,visible,native,True,5,8.592477399855852,0.015728775009523424,1,16243
H,Hx_00_26_target1_visible,Hx_00_26,13,train,akita_black_bowl_1,visible,best,True,5,8.706092704087496,0.019348821215262747,1,16243
H,Hx_00_26_target1_hidden,Hx_00_26,13,train,akita_black_bowl_1,hidden,native,False,5,8.483727233484387,-0.009711822023288007,1,16243
H,Hx_00_26_target1_hidden,Hx_00_26,13,train,akita_black_bowl_1,hidden,best,True,5,8.500350564718246,0.017953359999947006,1,16243
H,Hx_00_34_target0_visible,Hx_00_34,13,train,akita_black_bowl_1,visible,native,True,5,8.520161136053503,-0.004898795060400831,0,16251
H,Hx_00_34_target0_visible,Hx_00_34,13,train,akita_black_bowl_1,visible,best,True,5,8.591289673000574,-0.0034378945327901353,0,16251
H,Hx_00_34_target0_hidden,Hx_00_34,13,train,akita_black_bowl_1,hidden,native,True,5,8.527291985228658,-0.013386870661620946,0,16251
H,Hx_00_34_target0_hidden,Hx_00_34,13,train,akita_black_bowl_1,hidden,best,True,5,8.834545772522688,-0.0034891881334733407,0,16251
H,Hx_00_34_target1_visible,Hx_00_34,13,train,akita_black_bowl_1,visible,native,True,5,8.668961352668703,0.01692281435291724,1,16251
H,Hx_00_34_target1_visible,Hx_00_34,13,train,akita_black_bowl_1,visible,best,True,5,8.663303554058075,0.01809153642344793,1,16251
H,Hx_00_34_target1_hidden,Hx_00_34,13,train,akita_black_bowl_1,hidden,native,False,5,8.490299742668867,-0.013386870661620892,1,16251
H,Hx_00_34_target1_hidden,Hx_00_34,13,train,akita_black_bowl_1,hidden,best,True,5,9.089452039450407,0.017266150310664113,1,16251
H,Hx_05_22_target0_visible,Hx_05_22,9,test,black_book_1,visible,native,True,5,8.502194296568632,-0.002063683119854387,0,12239
H,Hx_05_22_target0_visible,Hx_05_22,9,test,black_book_1,visible,best,False,5,8.682817500084639,-0.001085705877608506,0,12239
H,Hx_05_22_target0_hidden,Hx_05_22,9,test,black_book_1,hidden,native,False,5,8.401700561866164,7.883044561740604e-05,0,12239
H,Hx_05_22_target0_hidden,Hx_05_22,9,test,black_book_1,hidden,best,True,5,8.64756354317069,-0.0026285967240824715,0,12239
H,Hx_05_22_target1_visible,Hx_05_22,9,test,black_book_1,visible,native,True,5,8.550580722279847,0.012745004303037766,1,12239
H,Hx_05_22_target1_visible,Hx_05_22,9,test,black_book_1,visible,best,True,5,8.762288315221667,0.016379594614295445,1,12239
H,Hx_05_22_target1_hidden,Hx_05_22,9,test,black_book_1,hidden,native,False,5,8.392306989990175,0.0005192232135439456,1,12239
H,Hx_05_22_target1_hidden,Hx_05_22,9,test,black_book_1,hidden,best,True,5,9.250485315918922,0.019955624653680365,1,12239
H,Hx_05_26_target0_visible,Hx_05_26,9,test,black_book_1,visible,native,True,5,8.379528597928584,-0.002615826732812826,0,12243
H,Hx_05_26_target0_visible,Hx_05_26,9,test,black_book_1,visible,best,True,5,8.5785658294335,-0.00880217457055707,0,12243
H,Hx_05_26_target0_hidden,Hx_05_26,9,test,black_book_1,hidden,native,False,5,8.495156195946038,-0.0007190157388024254,0,12243
H,Hx_05_26_target0_hidden,Hx_05_26,9,test,black_book_1,hidden,best,True,5,8.571145144291222,-0.007614252772610963,0,12243
H,Hx_05_26_target1_visible,Hx_05_26,9,test,black_book_1,visible,native,True,5,8.433122642338276,0.009757377067358797,1,12243
H,Hx_05_26_target1_visible,Hx_05_26,9,test,black_book_1,visible,best,True,5,8.622874747030437,0.004803141001060857,1,12243
H,Hx_05_26_target1_hidden,Hx_05_26,9,test,black_book_1,hidden,native,False,5,8.569618799723685,-0.00019605680557860383,1,12243
H,Hx_05_26_target1_hidden,Hx_05_26,9,test,black_book_1,hidden,best,False,5,8.593513078056276,0.0015197263358733282,1,12243
H,Hx_05_34_target0_visible,Hx_05_34,9,test,black_book_1,visible,native,True,5,8.374931397847831,-0.0037022644106095015,0,12251
H,Hx_05_34_target0_visible,Hx_05_34,9,test,black_book_1,visible,best,True,5,8.52345459535718,-0.010290847453177238,0,12251
H,Hx_05_34_target0_hidden,Hx_05_34,9,test,black_book_1,hidden,native,True,5,8.413459139876068,-0.004435131506005219,0,12251
H,Hx_05_34_target0_hidden,Hx_05_34,9,test,black_book_1,hidden,best,True,5,8.566046623513103,-0.009962785642931432,0,12251
H,Hx_05_34_target1_visible,Hx_05_34,9,test,black_book_1,visible,native,True,5,8.45478736422956,0.012379079969760426,1,12251
H,Hx_05_34_target1_visible,Hx_05_34,9,test,black_book_1,visible,best,False,5,8.720143031328917,-0.00031153255732199736,1,12251
H,Hx_05_34_target1_hidden,Hx_05_34,9,test,black_book_1,hidden,native,False,5,8.413589300587773,-0.003344193337616874,1,12251
H,Hx_05_34_target1_hidden,Hx_05_34,9,test,black_book_1,hidden,best,True,5,8.585440093651414,0.006250735894903409,1,12251
H,Hx_05_44_target0_visible,Hx_05_44,9,test,black_book_1,visible,native,True,5,8.401892683468759,-0.002175738238251179,0,12261
H,Hx_05_44_target0_visible,Hx_05_44,9,test,black_book_1,visible,best,True,5,8.657271286472678,-0.008475580270255495,0,12261
H,Hx_05_44_target0_hidden,Hx_05_44,9,test,black_book_1,hidden,native,False,5,8.447547132149339,-0.00021029584521353728,0,12261
H,Hx_05_44_target0_hidden,Hx_05_44,9,test,black_book_1,hidden,best,True,5,8.483864231966436,-0.007736895198018845,0,12261
H,Hx_05_44_target1_visible,Hx_05_44,9,test,black_book_1,visible,native,True,5,8.487649590708315,0.013102977619584205,1,12261
H,Hx_05_44_target1_visible,Hx_05_44,9,test,black_book_1,visible,best,True,5,8.761128873564303,0.01687324039268956,1,12261
H,Hx_05_44_target1_hidden,Hx_05_44,9,test,black_book_1,hidden,native,False,5,8.376355888321996,0.00033221525291565746,1,12261
H,Hx_05_44_target1_hidden,Hx_05_44,9,test,black_book_1,hidden,best,True,5,8.543525157496333,0.019514093806303007,1,12261
P,Px_00_22_normal,Px_00_22,13,train,akita_black_bowl_1,normal,native,True,75,15.22671603038907,,,16239
P,Px_00_22_normal,Px_00_22,13,train,akita_black_bowl_1,normal,best,True,80,18.069723742082715,,,16239
P,Px_00_22_minus_y,Px_00_22,13,train,akita_black_bowl_1,minus_y,native,True,70,14.5254973648116,,,16239
P,Px_00_22_minus_y,Px_00_22,13,train,akita_black_bowl_1,minus_y,best,True,75,17.40472633112222,,,16239
P,Px_00_22_plus_y,Px_00_22,13,train,akita_black_bowl_1,plus_y,native,True,80,15.562621617689729,,,16239
P,Px_00_22_plus_y,Px_00_22,13,train,akita_black_bowl_1,plus_y,best,True,90,19.375896212644875,,,16239
P,Px_00_26_normal,Px_00_26,13,train,akita_black_bowl_1,normal,native,True,80,15.404222007840872,,,16243
P,Px_00_26_normal,Px_00_26,13,train,akita_black_bowl_1,normal,best,True,95,20.330935965292156,,,16243
P,Px_00_26_minus_y,Px_00_26,13,train,akita_black_bowl_1,minus_y,native,True,75,15.006736086681485,,,16243
P,Px_00_26_minus_y,Px_00_26,13,train,akita_black_bowl_1,minus_y,best,True,85,19.183446035720408,,,16243
P,Px_00_26_plus_y,Px_00_26,13,train,akita_black_bowl_1,plus_y,native,True,115,19.28720857296139,,,16243
P,Px_00_26_plus_y,Px_00_26,13,train,akita_black_bowl_1,plus_y,best,True,90,19.55323292594403,,,16243
P,Px_00_34_normal,Px_00_34,13,train,akita_black_bowl_1,normal,native,True,75,15.028346601873636,,,16251
P,Px_00_34_normal,Px_00_34,13,train,akita_black_bowl_1,normal,best,True,75,17.409952643327415,,,16251
P,Px_00_34_minus_y,Px_00_34,13,train,akita_black_bowl_1,minus_y,native,True,75,15.092329528182745,,,16251
P,Px_00_34_minus_y,Px_00_34,13,train,akita_black_bowl_1,minus_y,best,True,85,19.105052640661597,,,16251
P,Px_00_34_plus_y,Px_00_34,13,train,akita_black_bowl_1,plus_y,native,True,75,15.11450769007206,,,16251
P,Px_00_34_plus_y,Px_00_34,13,train,akita_black_bowl_1,plus_y,best,True,80,18.56509178876877,,,16251
P,Px_00_44_normal,Px_00_44,13,train,akita_black_bowl_1,normal,native,True,70,14.522948628291488,,,16261
P,Px_00_44_normal,Px_00_44,13,train,akita_black_bowl_1,normal,best,True,80,18.135224871337414,,,16261
P,Px_00_44_minus_y,Px_00_44,13,train,akita_black_bowl_1,minus_y,native,True,75,15.043608623556793,,,16261
P,Px_00_44_minus_y,Px_00_44,13,train,akita_black_bowl_1,minus_y,best,True,80,18.23758316785097,,,16261
P,Px_00_44_plus_y,Px_00_44,13,train,akita_black_bowl_1,plus_y,native,True,80,15.760479649528861,,,16261
P,Px_00_44_plus_y,Px_00_44,13,train,akita_black_bowl_1,plus_y,best,True,90,19.720819659531116,,,16261
P,Px_05_22_normal,Px_05_22,9,test,black_book_1,normal,native,False,500,57.378493948839605,,,12239
P,Px_05_22_normal,Px_05_22,9,test,black_book_1,normal,best,True,215,36.43154123984277,,,12239
P,Px_05_22_minus_y,Px_05_22,9,test,black_book_1,minus_y,native,True,165,23.605447378009558,,,12239
P,Px_05_22_minus_y,Px_05_22,9,test,black_book_1,minus_y,best,True,180,31.35162270721048,,,12239
P,Px_05_22_plus_y,Px_05_22,9,test,black_book_1,plus_y,native,True,195,26.814014523290098,,,12239
P,Px_05_22_plus_y,Px_05_22,9,test,black_book_1,plus_y,best,True,195,33.43718380201608,,,12239
P,Px_05_26_normal,Px_05_26,9,test,black_book_1,normal,native,True,215,28.822739167138934,,,12243
P,Px_05_26_normal,Px_05_26,9,test,black_book_1,normal,best,True,155,28.245222142897546,,,12243
P,Px_05_26_minus_y,Px_05_26,9,test,black_book_1,minus_y,native,True,145,22.221824266016483,,,12243
P,Px_05_26_minus_y,Px_05_26,9,test,black_book_1,minus_y,best,True,185,32.21227643080056,,,12243
P,Px_05_26_plus_y,Px_05_26,9,test,black_book_1,plus_y,native,True,165,23.57120157685131,,,12243
P,Px_05_26_plus_y,Px_05_26,9,test,black_book_1,plus_y,best,True,185,32.37787912040949,,,12243
P,Px_05_34_normal,Px_05_34,9,test,black_book_1,normal,native,True,160,23.38963215239346,,,12251
P,Px_05_34_normal,Px_05_34,9,test,black_book_1,normal,best,True,180,31.9234857019037,,,12251
P,Px_05_34_minus_y,Px_05_34,9,test,black_book_1,minus_y,native,True,150,22.49559582490474,,,12251
P,Px_05_34_minus_y,Px_05_34,9,test,black_book_1,minus_y,best,True,170,45.31037725135684,,,12251
P,Px_05_34_plus_y,Px_05_34,9,test,black_book_1,plus_y,native,True,170,24.86457778979093,,,12251
P,Px_05_34_plus_y,Px_05_34,9,test,black_book_1,plus_y,best,True,180,34.50194892473519,,,12251
P,Px_05_44_normal,Px_05_44,9,test,black_book_1,normal,native,True,190,26.59491267707199,,,12261
P,Px_05_44_normal,Px_05_44,9,test,black_book_1,normal,best,True,165,30.464503107592463,,,12261
P,Px_05_44_minus_y,Px_05_44,9,test,black_book_1,minus_y,native,True,165,24.37788979522884,,,12261
P,Px_05_44_minus_y,Px_05_44,9,test,black_book_1,minus_y,best,True,170,31.21761278156191,,,12261
P,Px_05_44_plus_y,Px_05_44,9,test,black_book_1,plus_y,native,True,165,24.578682157211006,,,12261
P,Px_05_44_plus_y,Px_05_44,9,test,black_book_1,plus_y,best,True,175,31.70197268202901,,,12261
S,Sx_00_22_normal,Sx_00_22,0,train,,normal,native,True,245,30.15767501387745,,,3239
S,Sx_00_22_normal,Sx_00_22,0,train,,normal,best,True,235,37.17381205689162,,,3239
S,Sx_00_22_camera,Sx_00_22,0,train,,camera,native,True,235,29.103186477907002,,,3239
S,Sx_00_22_camera,Sx_00_22,0,train,,camera,best,True,280,43.86154149007052,,,3239
S,Sx_00_22_lighting,Sx_00_22,0,train,,lighting,native,True,235,28.970463308505714,,,3239
S,Sx_00_22_lighting,Sx_00_22,0,train,,lighting,best,True,235,37.42701361421496,,,3239
S,Sx_00_22_combined,Sx_00_22,0,train,,combined,native,True,225,27.97439508512616,,,3239
S,Sx_00_22_combined,Sx_00_22,0,train,,combined,best,True,255,40.35013257712126,,,3239
S,Sx_00_26_normal,Sx_00_26,0,train,,normal,native,True,250,30.485241384245455,,,3243
S,Sx_00_26_normal,Sx_00_26,0,train,,normal,best,True,270,42.38006611447781,,,3243
S,Sx_00_26_camera,Sx_00_26,0,train,,camera,native,True,235,29.126397126354277,,,3243
S,Sx_00_26_camera,Sx_00_26,0,train,,camera,best,True,290,45.11232142522931,,,3243
S,Sx_00_26_lighting,Sx_00_26,0,train,,lighting,native,True,270,32.48822825215757,,,3243
S,Sx_00_26_lighting,Sx_00_26,0,train,,lighting,best,True,260,40.71252913028002,,,3243
S,Sx_00_26_combined,Sx_00_26,0,train,,combined,native,True,240,29.50908660888672,,,3243
S,Sx_00_26_combined,Sx_00_26,0,train,,combined,best,True,290,45.42794597148895,,,3243
S,Sx_00_34_normal,Sx_00_34,0,train,,normal,native,True,260,31.733995931223035,,,3251
S,Sx_00_34_normal,Sx_00_34,0,train,,normal,best,True,260,40.78357182443142,,,3251
S,Sx_00_34_camera,Sx_00_34,0,train,,camera,native,False,500,56.49923620559275,,,3251
S,Sx_00_34_camera,Sx_00_34,0,train,,camera,best,False,500,75.22185652609915,,,3251
S,Sx_00_34_lighting,Sx_00_34,0,train,,lighting,native,True,265,32.04585603624582,,,3251
S,Sx_00_34_lighting,Sx_00_34,0,train,,lighting,best,True,260,40.74071198422462,,,3251
S,Sx_00_34_combined,Sx_00_34,0,train,,combined,native,False,500,57.01520324498415,,,3251
S,Sx_00_34_combined,Sx_00_34,0,train,,combined,best,False,500,74.45115860551596,,,3251
S,Sx_00_44_normal,Sx_00_44,0,train,,normal,native,True,245,30.469245741143823,,,3261
S,Sx_00_44_normal,Sx_00_44,0,train,,normal,best,True,250,39.666050320491195,,,3261
S,Sx_00_44_camera,Sx_00_44,0,train,,camera,native,False,500,56.95806475263089,,,3261
S,Sx_00_44_camera,Sx_00_44,0,train,,camera,best,True,260,40.86648170277476,,,3261
S,Sx_00_44_lighting,Sx_00_44,0,train,,lighting,native,True,250,30.50291944667697,,,3261
S,Sx_00_44_lighting,Sx_00_44,0,train,,lighting,best,True,250,39.47423809953034,,,3261
S,Sx_00_44_combined,Sx_00_44,0,train,,combined,native,False,500,56.62097227014601,,,3261
S,Sx_00_44_combined,Sx_00_44,0,train,,combined,best,True,250,39.42573926784098,,,3261
S,Sx_05_22_normal,Sx_05_22,5,validation,,normal,native,True,440,56.01176758296788,,,8239
S,Sx_05_22_normal,Sx_05_22,5,validation,,normal,best,True,295,50.940552967600524,,,8239
S,Sx_05_22_camera,Sx_05_22,5,validation,,camera,native,True,255,36.24447394348681,,,8239
S,Sx_05_22_camera,Sx_05_22,5,validation,,camera,best,True,310,52.99060978461057,,,8239
S,Sx_05_22_lighting,Sx_05_22,5,validation,,lighting,native,True,460,58.25415835995227,,,8239
S,Sx_05_22_lighting,Sx_05_22,5,validation,,lighting,best,True,295,50.88952094409615,,,8239
S,Sx_05_22_combined,Sx_05_22,5,validation,,combined,native,True,260,36.753108736127615,,,8239
S,Sx_05_22_combined,Sx_05_22,5,validation,,combined,best,True,335,56.256379132159054,,,8239
S,Sx_05_26_normal,Sx_05_26,5,validation,,normal,native,False,500,62.4894048711285,,,8243
S,Sx_05_26_normal,Sx_05_26,5,validation,,normal,best,True,305,51.589286763221025,,,8243
S,Sx_05_26_camera,Sx_05_26,5,validation,,camera,native,True,255,36.158754848875105,,,8243
S,Sx_05_26_camera,Sx_05_26,5,validation,,camera,best,True,260,45.21863420959562,,,8243
S,Sx_05_26_lighting,Sx_05_26,5,validation,,lighting,native,False,500,62.946683494374156,,,8243
S,Sx_05_26_lighting,Sx_05_26,5,validation,,lighting,best,True,340,56.98251327127218,,,8243
S,Sx_05_26_combined,Sx_05_26,5,validation,,combined,native,True,255,36.45585476048291,,,8243
S,Sx_05_26_combined,Sx_05_26,5,validation,,combined,best,True,280,49.326874542050064,,,8243
S,Sx_05_34_normal,Sx_05_34,5,validation,,normal,native,True,235,33.85067081451416,,,8251
S,Sx_05_34_normal,Sx_05_34,5,validation,,normal,best,True,260,46.08861817792058,,,8251
S,Sx_05_34_camera,Sx_05_34,5,validation,,camera,native,True,225,32.56552389729768,,,8251
S,Sx_05_34_camera,Sx_05_34,5,validation,,camera,best,True,295,50.8543446296826,,,8251
S,Sx_05_34_lighting,Sx_05_34,5,validation,,lighting,native,True,235,33.90778983850032,,,8251
S,Sx_05_34_lighting,Sx_05_34,5,validation,,lighting,best,True,260,46.31813176255673,,,8251
S,Sx_05_34_combined,Sx_05_34,5,validation,,combined,native,True,240,34.464685088954866,,,8251
S,Sx_05_34_combined,Sx_05_34,5,validation,,combined,best,True,255,45.798643656075,,,8251
S,Sx_05_44_normal,Sx_05_44,5,validation,,normal,native,True,250,35.4637473449111,,,8261
S,Sx_05_44_normal,Sx_05_44,5,validation,,normal,best,True,275,48.4318299209699,,,8261
S,Sx_05_44_camera,Sx_05_44,5,validation,,camera,native,True,315,42.63097955659032,,,8261
S,Sx_05_44_camera,Sx_05_44,5,validation,,camera,best,True,255,45.00307213887572,,,8261
S,Sx_05_44_lighting,Sx_05_44,5,validation,,lighting,native,True,250,35.555268285796046,,,8261
S,Sx_05_44_lighting,Sx_05_44,5,validation,,lighting,best,True,275,48.678397385403514,,,8261
S,Sx_05_44_combined,Sx_05_44,5,validation,,combined,native,True,330,44.34341668989509,,,8261
S,Sx_05_44_combined,Sx_05_44,5,validation,,combined,best,True,275,47.97607729583979,,,8261
S,Sx_10_22_normal,Sx_10_22,10,train,,normal,native,True,140,21.784596473909914,,,13239
S,Sx_10_22_normal,Sx_10_22,10,train,,normal,best,True,120,23.994407700374722,,,13239
S,Sx_10_22_camera,Sx_10_22,10,train,,camera,native,False,300,38.89488592278212,,,13239
S,Sx_10_22_camera,Sx_10_22,10,train,,camera,best,False,300,49.6235014712438,,,13239
S,Sx_10_22_lighting,Sx_10_22,10,train,,lighting,native,True,140,21.985143828205764,,,13239
S,Sx_10_22_lighting,Sx_10_22,10,train,,lighting,best,True,120,23.963130314834416,,,13239
S,Sx_10_22_combined,Sx_10_22,10,train,,combined,native,False,300,38.929111680947244,,,13239
S,Sx_10_22_combined,Sx_10_22,10,train,,combined,best,False,300,50.34802811034024,,,13239
S,Sx_10_26_normal,Sx_10_26,10,train,,normal,native,True,125,20.185353860259056,,,13243
S,Sx_10_26_normal,Sx_10_26,10,train,,normal,best,True,140,26.950111974030733,,,13243
S,Sx_10_26_camera,Sx_10_26,10,train,,camera,native,True,130,21.068114899098873,,,13243
S,Sx_10_26_camera,Sx_10_26,10,train,,camera,best,True,155,28.74052456766367,,,13243
S,Sx_10_26_lighting,Sx_10_26,10,train,,lighting,native,True,115,19.23869813233614,,,13243
S,Sx_10_26_lighting,Sx_10_26,10,train,,lighting,best,False,300,49.66028885636479,,,13243
S,Sx_10_26_combined,Sx_10_26,10,train,,combined,native,True,135,21.517733393236995,,,13243
S,Sx_10_26_combined,Sx_10_26,10,train,,combined,best,True,135,26.221480968408287,,,13243
S,Sx_10_34_normal,Sx_10_34,10,train,,normal,native,True,135,21.329801010899246,,,13251
S,Sx_10_34_normal,Sx_10_34,10,train,,normal,best,False,300,49.76510217227042,,,13251
S,Sx_10_34_camera,Sx_10_34,10,train,,camera,native,True,130,20.92924782820046,,,13251
S,Sx_10_34_camera,Sx_10_34,10,train,,camera,best,True,235,40.27244315482676,,,13251
S,Sx_10_34_lighting,Sx_10_34,10,train,,lighting,native,True,135,21.4859366863966,,,13251
S,Sx_10_34_lighting,Sx_10_34,10,train,,lighting,best,True,125,24.498661812394857,,,13251
S,Sx_10_34_combined,Sx_10_34,10,train,,combined,native,True,140,22.042339545674622,,,13251
S,Sx_10_34_combined,Sx_10_34,10,train,,combined,best,True,150,28.1506609050557,,,13251
S,Sx_10_44_normal,Sx_10_44,10,train,,normal,native,True,135,21.399118187837303,,,13261
S,Sx_10_44_normal,Sx_10_44,10,train,,normal,best,True,150,27.91448000073433,,,13261
S,Sx_10_44_camera,Sx_10_44,10,train,,camera,native,False,300,39.246144166216254,,,13261
S,Sx_10_44_camera,Sx_10_44,10,train,,camera,best,True,210,36.53064190596342,,,13261
S,Sx_10_44_lighting,Sx_10_44,10,train,,lighting,native,True,120,19.825634194537997,,,13261
S,Sx_10_44_lighting,Sx_10_44,10,train,,lighting,best,True,140,26.596907997503877,,,13261
S,Sx_10_44_combined,Sx_10_44,10,train,,combined,native,False,300,39.09027134999633,,,13261
S,Sx_10_44_combined,Sx_10_44,10,train,,combined,best,True,210,36.886671582236886,,,13261
S,Sx_15_22_normal,Sx_15_22,15,train,,normal,native,True,85,16.309654269367456,,,18239
S,Sx_15_22_normal,Sx_15_22,15,train,,normal,best,True,100,21.63916594814509,,,18239
S,Sx_15_22_camera,Sx_15_22,15,train,,camera,native,True,85,16.252099390141666,,,18239
S,Sx_15_22_camera,Sx_15_22,15,train,,camera,best,True,95,20.424962433986366,,,18239
S,Sx_15_22_lighting,Sx_15_22,15,train,,lighting,native,True,85,16.204500272870064,,,18239
S,Sx_15_22_lighting,Sx_15_22,15,train,,lighting,best,True,100,21.3425058927387,,,18239
S,Sx_15_22_combined,Sx_15_22,15,train,,combined,native,True,90,16.838186295703053,,,18239
S,Sx_15_22_combined,Sx_15_22,15,train,,combined,best,True,100,20.95307311974466,,,18239
S,Sx_15_26_normal,Sx_15_26,15,train,,normal,native,True,90,16.69293875526637,,,18243
S,Sx_15_26_normal,Sx_15_26,15,train,,normal,best,True,95,20.743941148743033,,,18243
S,Sx_15_26_camera,Sx_15_26,15,train,,camera,native,True,85,16.24456355161965,,,18243
S,Sx_15_26_camera,Sx_15_26,15,train,,camera,best,True,90,19.5034524705261,,,18243
S,Sx_15_26_lighting,Sx_15_26,15,train,,lighting,native,True,90,16.775812162086368,,,18243
S,Sx_15_26_lighting,Sx_15_26,15,train,,lighting,best,True,95,20.3347392892465,,,18243
S,Sx_15_26_combined,Sx_15_26,15,train,,combined,native,True,75,15.152001376263797,,,18243
S,Sx_15_26_combined,Sx_15_26,15,train,,combined,best,True,90,19.804692965000868,,,18243
S,Sx_15_34_normal,Sx_15_34,15,train,,normal,native,True,90,16.738048376515508,,,18251
S,Sx_15_34_normal,Sx_15_34,15,train,,normal,best,True,90,19.710379398427904,,,18251
S,Sx_15_34_camera,Sx_15_34,15,train,,camera,native,True,90,16.67312370892614,,,18251
S,Sx_15_34_camera,Sx_15_34,15,train,,camera,best,True,90,20.092973358929157,,,18251
S,Sx_15_34_lighting,Sx_15_34,15,train,,lighting,native,True,90,16.72379525564611,,,18251
S,Sx_15_34_lighting,Sx_15_34,15,train,,lighting,best,True,90,19.809700715355575,,,18251
S,Sx_15_34_combined,Sx_15_34,15,train,,combined,native,True,90,16.923176415264606,,,18251
S,Sx_15_34_combined,Sx_15_34,15,train,,combined,best,True,95,20.635323552414775,,,18251
S,Sx_15_44_normal,Sx_15_44,15,train,,normal,native,True,80,15.758492034859955,,,18261
S,Sx_15_44_normal,Sx_15_44,15,train,,normal,best,True,85,19.037005592137575,,,18261
S,Sx_15_44_camera,Sx_15_44,15,train,,camera,native,True,80,15.747053191065788,,,18261
S,Sx_15_44_camera,Sx_15_44,15,train,,camera,best,True,85,19.041427434422076,,,18261
S,Sx_15_44_lighting,Sx_15_44,15,train,,lighting,native,True,80,15.63498405739665,,,18261
S,Sx_15_44_lighting,Sx_15_44,15,train,,lighting,best,True,90,19.811622178182006,,,18261
S,Sx_15_44_combined,Sx_15_44,15,train,,combined,native,True,80,15.74239435698837,,,18261
S,Sx_15_44_combined,Sx_15_44,15,train,,combined,best,True,85,19.03735400084406,,,18261
S,Sx_20_22_normal,Sx_20_22,20,train,,normal,native,True,145,22.389426797628403,,,23239
S,Sx_20_22_normal,Sx_20_22,20,train,,normal,best,True,145,27.766422730870545,,,23239
S,Sx_20_22_camera,Sx_20_22,20,train,,camera,native,True,145,22.53465059865266,,,23239
S,Sx_20_22_camera,Sx_20_22,20,train,,camera,best,True,130,25.25981360115111,,,23239
S,Sx_20_22_lighting,Sx_20_22,20,train,,lighting,native,True,135,21.463335062377155,,,23239
S,Sx_20_22_lighting,Sx_20_22,20,train,,lighting,best,True,140,27.063721175305545,,,23239
S,Sx_20_22_combined,Sx_20_22,20,train,,combined,native,True,160,24.24276696983725,,,23239
S,Sx_20_22_combined,Sx_20_22,20,train,,combined,best,True,140,26.827471926808357,,,23239
S,Sx_20_26_normal,Sx_20_26,20,train,,normal,native,True,130,21.1774273654446,,,23243
S,Sx_20_26_normal,Sx_20_26,20,train,,normal,best,True,170,31.333472173660994,,,23243
S,Sx_20_26_camera,Sx_20_26,20,train,,camera,native,True,150,23.21056065429002,,,23243
S,Sx_20_26_camera,Sx_20_26,20,train,,camera,best,True,145,27.725360377691686,,,23243
S,Sx_20_26_lighting,Sx_20_26,20,train,,lighting,native,True,130,21.08851481229067,,,23243
S,Sx_20_26_lighting,Sx_20_26,20,train,,lighting,best,True,155,29.166387408040464,,,23243
S,Sx_20_26_combined,Sx_20_26,20,train,,combined,native,True,160,24.4767115842551,,,23243
S,Sx_20_26_combined,Sx_20_26,20,train,,combined,best,True,140,27.489605200476944,,,23243
S,Sx_20_34_normal,Sx_20_34,20,train,,normal,native,True,140,22.02739775646478,,,23251
S,Sx_20_34_normal,Sx_20_34,20,train,,normal,best,True,135,26.34268045425415,,,23251
S,Sx_20_34_camera,Sx_20_34,20,train,,camera,native,True,135,21.52708224672824,,,23251
S,Sx_20_34_camera,Sx_20_34,20,train,,camera,best,True,160,29.359744518995285,,,23251
S,Sx_20_34_lighting,Sx_20_34,20,train,,lighting,native,True,140,21.885426026768982,,,23251
S,Sx_20_34_lighting,Sx_20_34,20,train,,lighting,best,True,150,28.180190137587488,,,23251
S,Sx_20_34_combined,Sx_20_34,20,train,,combined,native,True,155,24.820963157340884,,,23251
S,Sx_20_34_combined,Sx_20_34,20,train,,combined,best,True,145,27.59312192723155,,,23251
S,Sx_20_44_normal,Sx_20_44,20,train,,normal,native,True,175,25.48013928346336,,,23261
S,Sx_20_44_normal,Sx_20_44,20,train,,normal,best,True,170,30.810167209245265,,,23261
S,Sx_20_44_camera,Sx_20_44,20,train,,camera,native,True,145,22.312326098792255,,,23261
S,Sx_20_44_camera,Sx_20_44,20,train,,camera,best,False,300,50.25028838124126,,,23261
S,Sx_20_44_lighting,Sx_20_44,20,train,,lighting,native,True,135,25.50720299500972,,,23261
S,Sx_20_44_lighting,Sx_20_44,20,train,,lighting,best,True,180,32.22665075212717,,,23261
S,Sx_20_44_combined,Sx_20_44,20,train,,combined,native,True,130,21.755147164687514,,,23261
S,Sx_20_44_combined,Sx_20_44,20,train,,combined,best,True,170,30.898404727689922,,,23261
S,Sx_25_22_normal,Sx_25_22,25,train,,normal,native,True,130,21.58389698341489,,,28239
S,Sx_25_22_normal,Sx_25_22,25,train,,normal,best,True,130,25.215727960690856,,,28239
S,Sx_25_22_camera,Sx_25_22,25,train,,camera,native,True,130,21.136797843500972,,,28239
S,Sx_25_22_camera,Sx_25_22,25,train,,camera,best,True,130,25.34968418069184,,,28239
S,Sx_25_22_lighting,Sx_25_22,25,train,,lighting,native,True,130,21.23529122211039,,,28239
S,Sx_25_22_lighting,Sx_25_22,25,train,,lighting,best,True,130,25.183873283676803,,,28239
S,Sx_25_22_combined,Sx_25_22,25,train,,combined,native,True,140,21.856874485500157,,,28239
S,Sx_25_22_combined,Sx_25_22,25,train,,combined,best,True,135,25.887937273830175,,,28239
S,Sx_25_26_normal,Sx_25_26,25,train,,normal,native,True,135,21.368252362124622,,,28243
S,Sx_25_26_normal,Sx_25_26,25,train,,normal,best,True,150,28.107270520180464,,,28243
S,Sx_25_26_camera,Sx_25_26,25,train,,camera,native,True,130,20.948407019488513,,,28243
S,Sx_25_26_camera,Sx_25_26,25,train,,camera,best,True,135,26.058811186812818,,,28243
S,Sx_25_26_lighting,Sx_25_26,25,train,,lighting,native,True,140,21.838724344037473,,,28243
S,Sx_25_26_lighting,Sx_25_26,25,train,,lighting,best,True,155,29.021893276832998,,,28243
S,Sx_25_26_combined,Sx_25_26,25,train,,combined,native,True,135,21.512193902395666,,,28243
S,Sx_25_26_combined,Sx_25_26,25,train,,combined,best,True,135,26.118167934007943,,,28243
S,Sx_25_34_normal,Sx_25_34,25,train,,normal,native,True,125,23.55051299277693,,,28251
S,Sx_25_34_normal,Sx_25_34,25,train,,normal,best,True,160,29.74330367986113,,,28251
S,Sx_25_34_camera,Sx_25_34,25,train,,camera,native,True,135,21.331667787395418,,,28251
S,Sx_25_34_camera,Sx_25_34,25,train,,camera,best,True,135,26.159893848001957,,,28251
S,Sx_25_34_lighting,Sx_25_34,25,train,,lighting,native,True,130,21.125257274135947,,,28251
S,Sx_25_34_lighting,Sx_25_34,25,train,,lighting,best,True,140,26.878721178509295,,,28251
S,Sx_25_34_combined,Sx_25_34,25,train,,combined,native,True,130,21.47734114713967,,,28251
S,Sx_25_34_combined,Sx_25_34,25,train,,combined,best,True,130,25.49355764593929,,,28251
S,Sx_25_44_normal,Sx_25_44,25,train,,normal,native,True,130,20.81602737866342,,,28261
S,Sx_25_44_normal,Sx_25_44,25,train,,normal,best,True,135,25.9446989512071,,,28261
S,Sx_25_44_camera,Sx_25_44,25,train,,camera,native,True,125,20.297036895528436,,,28261
S,Sx_25_44_camera,Sx_25_44,25,train,,camera,best,True,165,30.196107531897724,,,28261
S,Sx_25_44_lighting,Sx_25_44,25,train,,lighting,native,True,130,20.72632093168795,,,28261
S,Sx_25_44_lighting,Sx_25_44,25,train,,lighting,best,True,135,26.06421419326216,,,28261
S,Sx_25_44_combined,Sx_25_44,25,train,,combined,native,True,155,23.993720746599138,,,28261
S,Sx_25_44_combined,Sx_25_44,25,train,,combined,best,True,165,30.467636540532112,,,28261
S,Sx_30_22_normal,Sx_30_22,30,train,,normal,native,True,110,20.824703448452055,,,33239
S,Sx_30_22_normal,Sx_30_22,30,train,,normal,best,True,110,24.80662772897631,,,33239
S,Sx_30_22_camera,Sx_30_22,30,train,,camera,native,True,80,17.653643948957324,,,33239
S,Sx_30_22_camera,Sx_30_22,30,train,,camera,best,True,70,18.73405527882278,,,33239
S,Sx_30_22_lighting,Sx_30_22,30,train,,lighting,native,True,110,21.013835394755006,,,33239
S,Sx_30_22_lighting,Sx_30_22,30,train,,lighting,best,True,110,24.74445579200983,,,33239
S,Sx_30_22_combined,Sx_30_22,30,train,,combined,native,True,80,17.57301170192659,,,33239
S,Sx_30_22_combined,Sx_30_22,30,train,,combined,best,True,75,19.54105971660465,,,33239
S,Sx_30_26_normal,Sx_30_26,30,train,,normal,native,True,85,17.984271849505603,,,33243
S,Sx_30_26_normal,Sx_30_26,30,train,,normal,best,True,110,24.797140781767666,,,33243
S,Sx_30_26_camera,Sx_30_26,30,train,,camera,native,True,80,17.726983681321144,,,33243
S,Sx_30_26_camera,Sx_30_26,30,train,,camera,best,True,85,21.143768289126456,,,33243
S,Sx_30_26_lighting,Sx_30_26,30,train,,lighting,native,True,85,18.173198878765106,,,33243
S,Sx_30_26_lighting,Sx_30_26,30,train,,lighting,best,True,85,21.118997308425605,,,33243
S,Sx_30_26_combined,Sx_30_26,30,train,,combined,native,False,300,42.01679247897118,,,33243
S,Sx_30_26_combined,Sx_30_26,30,train,,combined,best,True,115,25.567632420919836,,,33243
S,Sx_30_34_normal,Sx_30_34,30,train,,normal,native,True,80,17.540116030722857,,,33251
S,Sx_30_34_normal,Sx_30_34,30,train,,normal,best,True,115,25.566861207596958,,,33251
S,Sx_30_34_camera,Sx_30_34,30,train,,camera,native,True,85,18.077098935842514,,,33251
S,Sx_30_34_camera,Sx_30_34,30,train,,camera,best,True,85,21.036611796356738,,,33251
S,Sx_30_34_lighting,Sx_30_34,30,train,,lighting,native,True,80,17.86135007441044,,,33251
S,Sx_30_34_lighting,Sx_30_34,30,train,,lighting,best,True,85,21.042972105555236,,,33251
S,Sx_30_34_combined,Sx_30_34,30,train,,combined,native,True,135,23.78747854847461,,,33251
S,Sx_30_34_combined,Sx_30_34,30,train,,combined,best,True,80,20.336869843304157,,,33251
S,Sx_30_44_normal,Sx_30_44,30,train,,normal,native,True,80,17.498868172056973,,,33261
S,Sx_30_44_normal,Sx_30_44,30,train,,normal,best,True,80,20.27136124111712,,,33261
S,Sx_30_44_camera,Sx_30_44,30,train,,camera,native,False,300,41.709955987520516,,,33261
S,Sx_30_44_camera,Sx_30_44,30,train,,camera,best,True,75,19.552032836712897,,,33261
S,Sx_30_44_lighting,Sx_30_44,30,train,,lighting,native,True,80,17.56526745762676,,,33261
S,Sx_30_44_lighting,Sx_30_44,30,train,,lighting,best,True,80,20.232235983014107,,,33261
S,Sx_30_44_combined,Sx_30_44,30,train,,combined,native,True,190,29.6507425326854,,,33261
S,Sx_30_44_combined,Sx_30_44,30,train,,combined,best,True,75,19.443495984189212,,,33261
S,Sx_35_22_normal,Sx_35_22,35,train,,normal,native,True,100,19.706357897259295,,,38239
S,Sx_35_22_normal,Sx_35_22,35,train,,normal,best,True,105,23.48698660824448,,,38239
S,Sx_35_22_camera,Sx_35_22,35,train,,camera,native,True,105,20.147340518422425,,,38239
S,Sx_35_22_camera,Sx_35_22,35,train,,camera,best,True,110,24.83237461000681,,,38239
S,Sx_35_22_lighting,Sx_35_22,35,train,,lighting,native,True,100,19.855131953954697,,,38239
S,Sx_35_22_lighting,Sx_35_22,35,train,,lighting,best,True,105,23.68762817978859,,,38239
S,Sx_35_22_combined,Sx_35_22,35,train,,combined,native,True,105,20.461029328405857,,,38239
S,Sx_35_22_combined,Sx_35_22,35,train,,combined,best,True,125,26.64760352484882,,,38239
S,Sx_35_26_normal,Sx_35_26,35,train,,normal,native,True,105,20.22013465873897,,,38243
S,Sx_35_26_normal,Sx_35_26,35,train,,normal,best,True,120,26.270958458073437,,,38243
S,Sx_35_26_camera,Sx_35_26,35,train,,camera,native,True,115,21.504260235466063,,,38243
S,Sx_35_26_camera,Sx_35_26,35,train,,camera,best,True,120,26.041436872445047,,,38243
S,Sx_35_26_lighting,Sx_35_26,35,train,,lighting,native,True,110,20.818280776962638,,,38243
S,Sx_35_26_lighting,Sx_35_26,35,train,,lighting,best,True,120,26.053942452184856,,,38243
S,Sx_35_26_combined,Sx_35_26,35,train,,combined,native,True,120,21.895020812749863,,,38243
S,Sx_35_26_combined,Sx_35_26,35,train,,combined,best,True,120,26.088852587155998,,,38243
S,Sx_35_34_normal,Sx_35_34,35,train,,normal,native,True,105,20.304671354591846,,,38251
S,Sx_35_34_normal,Sx_35_34,35,train,,normal,best,True,110,24.622130476869643,,,38251
S,Sx_35_34_camera,Sx_35_34,35,train,,camera,native,True,110,20.86951499339193,,,38251
S,Sx_35_34_camera,Sx_35_34,35,train,,camera,best,True,115,25.74551685899496,,,38251
S,Sx_35_34_lighting,Sx_35_34,35,train,,lighting,native,True,135,23.569109754636884,,,38251
S,Sx_35_34_lighting,Sx_35_34,35,train,,lighting,best,True,110,24.942230832763016,,,38251
S,Sx_35_34_combined,Sx_35_34,35,train,,combined,native,True,110,20.871307527646422,,,38251
S,Sx_35_34_combined,Sx_35_34,35,train,,combined,best,True,115,25.53893087990582,,,38251
S,Sx_35_44_normal,Sx_35_44,35,train,,normal,native,True,115,21.46948983427137,,,38261
S,Sx_35_44_normal,Sx_35_44,35,train,,normal,best,True,120,26.0459707910195,,,38261
S,Sx_35_44_camera,Sx_35_44,35,train,,camera,native,True,125,22.513054589740932,,,38261
S,Sx_35_44_camera,Sx_35_44,35,train,,camera,best,True,170,33.55676445364952,,,38261
S,Sx_35_44_lighting,Sx_35_44,35,train,,lighting,native,True,110,20.92702146526426,,,38261
S,Sx_35_44_lighting,Sx_35_44,35,train,,lighting,best,True,125,26.86243207193911,,,38261
S,Sx_35_44_combined,Sx_35_44,35,train,,combined,native,True,125,22.44827139377594,,,38261
S,Sx_35_44_combined,Sx_35_44,35,train,,combined,best,True,265,47.828153969720006,,,38261
P,Px_01_22_normal,Px_01_22,17,train,wine_bottle_1,normal,native,True,160,24.165655347518623,,,20239
P,Px_01_22_normal,Px_01_22,17,train,wine_bottle_1,normal,best,True,120,24.221632830798626,,,20239
P,Px_01_22_minus_y,Px_01_22,17,train,wine_bottle_1,minus_y,native,True,125,20.315798638388515,,,20239
P,Px_01_22_minus_y,Px_01_22,17,train,wine_bottle_1,minus_y,best,True,145,27.96441219188273,,,20239
P,Px_01_22_plus_y,Px_01_22,17,train,wine_bottle_1,plus_y,native,True,130,20.665801404975355,,,20239
P,Px_01_22_plus_y,Px_01_22,17,train,wine_bottle_1,plus_y,best,True,120,24.175596612505615,,,20239
P,Px_01_26_normal,Px_01_26,17,train,wine_bottle_1,normal,native,True,125,20.203244908712804,,,20243
P,Px_01_26_normal,Px_01_26,17,train,wine_bottle_1,normal,best,True,135,26.051362745463848,,,20243
P,Px_01_26_minus_y,Px_01_26,17,train,wine_bottle_1,minus_y,native,True,120,19.926234148442745,,,20243
P,Px_01_26_minus_y,Px_01_26,17,train,wine_bottle_1,minus_y,best,True,125,24.670951147563756,,,20243
P,Px_01_26_plus_y,Px_01_26,17,train,wine_bottle_1,plus_y,native,True,125,20.383965948596597,,,20243
P,Px_01_26_plus_y,Px_01_26,17,train,wine_bottle_1,plus_y,best,True,125,24.900765465572476,,,20243
P,Px_01_34_normal,Px_01_34,17,train,wine_bottle_1,normal,native,True,130,20.80528494156897,,,20251
P,Px_01_34_normal,Px_01_34,17,train,wine_bottle_1,normal,best,True,120,23.903679649345577,,,20251
P,Px_01_34_minus_y,Px_01_34,17,train,wine_bottle_1,minus_y,native,False,300,38.35360957775265,,,20251
P,Px_01_34_minus_y,Px_01_34,17,train,wine_bottle_1,minus_y,best,False,300,49.42430767789483,,,20251
P,Px_01_34_plus_y,Px_01_34,17,train,wine_bottle_1,plus_y,native,True,235,32.00217825174332,,,20251
P,Px_01_34_plus_y,Px_01_34,17,train,wine_bottle_1,plus_y,best,True,125,24.970480614341795,,,20251
P,Px_01_44_normal,Px_01_44,17,train,wine_bottle_1,normal,native,True,130,20.863014567643404,,,20261
P,Px_01_44_normal,Px_01_44,17,train,wine_bottle_1,normal,best,True,125,24.805042242631316,,,20261
P,Px_01_44_minus_y,Px_01_44,17,train,wine_bottle_1,minus_y,native,True,130,20.841792114079,,,20261
P,Px_01_44_minus_y,Px_01_44,17,train,wine_bottle_1,minus_y,best,True,120,24.031258014962077,,,20261
P,Px_01_44_plus_y,Px_01_44,17,train,wine_bottle_1,plus_y,native,True,135,21.272779792547226,,,20261
P,Px_01_44_plus_y,Px_01_44,17,train,wine_bottle_1,plus_y,best,True,130,25.322439182549715,,,20261
S,Sx_01_22_normal,Sx_01_22,1,validation,,normal,native,True,205,28.63988950289786,,,4239
S,Sx_01_22_normal,Sx_01_22,1,validation,,normal,best,True,230,56.36597195267677,,,4239
S,Sx_01_22_camera,Sx_01_22,1,validation,,camera,native,False,500,59.73716677073389,,,4239
S,Sx_01_22_camera,Sx_01_22,1,validation,,camera,best,False,500,116.13970161043108,,,4239
S,Sx_01_22_lighting,Sx_01_22,1,validation,,lighting,native,True,235,31.24553303141147,,,4239
S,Sx_01_22_lighting,Sx_01_22,1,validation,,lighting,best,True,220,54.44897336978465,,,4239
S,Sx_01_22_combined,Sx_01_22,1,validation,,combined,native,True,305,38.68913184572011,,,4239
S,Sx_01_22_combined,Sx_01_22,1,validation,,combined,best,True,315,74.46094786934555,,,4239
S,Sx_01_26_normal,Sx_01_26,1,validation,,normal,native,True,230,30.841162510216236,,,4243
S,Sx_01_26_normal,Sx_01_26,1,validation,,normal,best,True,250,61.69200763292611,,,4243
S,Sx_01_26_camera,Sx_01_26,1,validation,,camera,native,False,500,60.38741679210216,,,4243
S,Sx_01_26_camera,Sx_01_26,1,validation,,camera,best,True,225,56.74932518508285,,,4243
S,Sx_01_26_lighting,Sx_01_26,1,validation,,lighting,native,True,260,34.343584100715816,,,4243
S,Sx_01_26_lighting,Sx_01_26,1,validation,,lighting,best,True,250,59.5084829647094,,,4243
S,Sx_01_26_combined,Sx_01_26,1,validation,,combined,native,False,500,60.148120356723666,,,4243
S,Sx_01_26_combined,Sx_01_26,1,validation,,combined,best,True,230,54.671589964069426,,,4243
S,Sx_01_34_normal,Sx_01_34,1,validation,,normal,native,True,215,29.130774752236903,,,4251
S,Sx_01_34_normal,Sx_01_34,1,validation,,normal,best,False,500,113.9606619561091,,,4251
S,Sx_01_34_camera,Sx_01_34,1,validation,,camera,native,False,500,59.70888605341315,,,4251
S,Sx_01_34_camera,Sx_01_34,1,validation,,camera,best,False,500,118.09137782733887,,,4251
S,Sx_01_34_lighting,Sx_01_34,1,validation,,lighting,native,False,500,60.14913310855627,,,4251
S,Sx_01_34_lighting,Sx_01_34,1,validation,,lighting,best,True,225,57.11879731249064,,,4251
S,Sx_01_34_combined,Sx_01_34,1,validation,,combined,native,False,500,59.996538704261184,,,4251
S,Sx_01_34_combined,Sx_01_34,1,validation,,combined,best,False,500,110.28012985922396,,,4251
S,Sx_01_44_normal,Sx_01_44,1,validation,,normal,native,True,240,32.03150949534029,,,4261
S,Sx_01_44_normal,Sx_01_44,1,validation,,normal,best,False,500,116.84733572602272,,,4261
S,Sx_01_44_camera,Sx_01_44,1,validation,,camera,native,False,500,60.504751295782626,,,4261
S,Sx_01_44_camera,Sx_01_44,1,validation,,camera,best,False,500,120.75053391139954,,,4261
S,Sx_01_44_lighting,Sx_01_44,1,validation,,lighting,native,True,250,32.794826361350715,,,4261
S,Sx_01_44_lighting,Sx_01_44,1,validation,,lighting,best,False,500,114.63353065494448,,,4261
S,Sx_01_44_combined,Sx_01_44,1,validation,,combined,native,False,500,60.48532810527831,,,4261
S,Sx_01_44_combined,Sx_01_44,1,validation,,combined,best,False,500,116.48595073260367,,,4261
S,Sx_06_22_normal,Sx_06_22,6,validation,,normal,native,True,230,33.7284418605268,,,9239
S,Sx_06_22_normal,Sx_06_22,6,validation,,normal,best,True,230,60.06961135007441,,,9239
S,Sx_06_22_camera,Sx_06_22,6,validation,,camera,native,True,265,37.50115180294961,,,9239
S,Sx_06_22_camera,Sx_06_22,6,validation,,camera,best,True,270,69.78063726704568,,,9239
S,Sx_06_22_lighting,Sx_06_22,6,validation,,lighting,native,True,265,37.632045838050544,,,9239
S,Sx_06_22_lighting,Sx_06_22,6,validation,,lighting,best,True,230,56.73575187660754,,,9239
S,Sx_06_22_combined,Sx_06_22,6,validation,,combined,native,True,265,37.493807452730834,,,9239
S,Sx_06_22_combined,Sx_06_22,6,validation,,combined,best,False,500,115.34323961474001,,,9239
S,Sx_06_26_normal,Sx_06_26,6,validation,,normal,native,True,340,45.83902455307543,,,9243
S,Sx_06_26_normal,Sx_06_26,6,validation,,normal,best,True,255,66.27603842597455,,,9243
S,Sx_06_26_camera,Sx_06_26,6,validation,,camera,native,True,260,36.811920542269945,,,9243
S,Sx_06_26_camera,Sx_06_26,6,validation,,camera,best,True,280,72.54583711456507,,,9243
S,Sx_06_26_lighting,Sx_06_26,6,validation,,lighting,native,True,290,40.57808970566839,,,9243
S,Sx_06_26_lighting,Sx_06_26,6,validation,,lighting,best,True,300,75.1378188431263,,,9243
S,Sx_06_26_combined,Sx_06_26,6,validation,,combined,native,False,500,63.62287670746446,,,9243
S,Sx_06_26_combined,Sx_06_26,6,validation,,combined,best,True,280,67.96303621307015,,,9243
S,Sx_06_34_normal,Sx_06_34,6,validation,,normal,native,True,260,36.949277240782976,,,9251
S,Sx_06_34_normal,Sx_06_34,6,validation,,normal,best,True,250,66.31416932772845,,,9251
S,Sx_06_34_camera,Sx_06_34,6,validation,,camera,native,True,295,41.10137748811394,,,9251
S,Sx_06_34_camera,Sx_06_34,6,validation,,camera,best,True,415,103.55400384310633,,,9251
S,Sx_06_34_lighting,Sx_06_34,6,validation,,lighting,native,True,265,37.469765443354845,,,9251
S,Sx_06_34_lighting,Sx_06_34,6,validation,,lighting,best,True,260,62.82028326950967,,,9251
S,Sx_06_34_combined,Sx_06_34,6,validation,,combined,native,True,445,57.930992304347456,,,9251
S,Sx_06_34_combined,Sx_06_34,6,validation,,combined,best,True,260,64.48061914090067,,,9251
S,Sx_06_44_normal,Sx_06_44,6,validation,,normal,native,True,250,35.693831448443234,,,9261
S,Sx_06_44_normal,Sx_06_44,6,validation,,normal,best,True,265,65.41913764178753,,,9261
S,Sx_06_44_camera,Sx_06_44,6,validation,,camera,native,True,305,42.16805922053754,,,9261
S,Sx_06_44_camera,Sx_06_44,6,validation,,camera,best,True,260,63.99830426182598,,,9261
S,Sx_06_44_lighting,Sx_06_44,6,validation,,lighting,native,True,260,37.35391893610358,,,9261
S,Sx_06_44_lighting,Sx_06_44,6,validation,,lighting,best,True,260,63.852522764354944,,,9261
S,Sx_06_44_combined,Sx_06_44,6,validation,,combined,native,True,305,42.95625204406679,,,9261
S,Sx_06_44_combined,Sx_06_44,6,validation,,combined,best,True,255,60.047664972022176,,,9261
S,Sx_11_22_normal,Sx_11_22,11,train,,normal,native,True,190,27.981776365078986,,,14239
S,Sx_11_22_normal,Sx_11_22,11,train,,normal,best,True,285,69.51919041574001,,,14239
S,Sx_11_22_camera,Sx_11_22,11,train,,camera,native,True,195,33.96155523788184,,,14239
S,Sx_11_22_camera,Sx_11_22,11,train,,camera,best,False,300,73.15402741730213,,,14239
S,Sx_11_22_lighting,Sx_11_22,11,train,,lighting,native,True,180,29.427624575793743,,,14239
S,Sx_11_22_lighting,Sx_11_22,11,train,,lighting,best,True,245,60.13127312529832,,,14239
S,Sx_11_22_combined,Sx_11_22,11,train,,combined,native,True,215,45.63055387791246,,,14239
S,Sx_11_22_combined,Sx_11_22,11,train,,combined,best,False,300,71.54235772415996,,,14239
S,Sx_11_26_normal,Sx_11_26,11,train,,normal,native,True,180,36.97272779606283,,,14243
S,Sx_11_26_normal,Sx_11_26,11,train,,normal,best,True,175,44.56446023378521,,,14243
S,Sx_11_26_camera,Sx_11_26,11,train,,camera,native,False,300,39.95156165305525,,,14243
S,Sx_11_26_camera,Sx_11_26,11,train,,camera,best,False,300,70.84466600511223,,,14243
S,Sx_11_26_lighting,Sx_11_26,11,train,,lighting,native,True,180,26.715459297411144,,,14243
S,Sx_11_26_lighting,Sx_11_26,11,train,,lighting,best,True,185,46.456652079708874,,,14243
S,Sx_11_26_combined,Sx_11_26,11,train,,combined,native,False,300,39.458524827845395,,,14243
S,Sx_11_26_combined,Sx_11_26,11,train,,combined,best,False,300,70.89155347272754,,,14243
S,Sx_11_34_normal,Sx_11_34,11,train,,normal,native,True,170,25.530951792374253,,,14251
S,Sx_11_34_normal,Sx_11_34,11,train,,normal,best,False,300,70.57082103285939,,,14251
S,Sx_11_34_camera,Sx_11_34,11,train,,camera,native,False,300,53.13762315735221,,,14251
S,Sx_11_34_camera,Sx_11_34,11,train,,camera,best,True,250,60.26212542317808,,,14251
S,Sx_11_34_lighting,Sx_11_34,11,train,,lighting,native,True,170,38.41078235581517,,,14251
S,Sx_11_34_lighting,Sx_11_34,11,train,,lighting,best,True,195,47.90835654735565,,,14251
S,Sx_11_34_combined,Sx_11_34,11,train,,combined,native,False,300,44.0832545068115,,,14251
S,Sx_11_34_combined,Sx_11_34,11,train,,combined,best,True,200,50.28960689064115,,,14251
S,Sx_11_44_normal,Sx_11_44,11,train,,normal,native,True,175,26.093700213357806,,,14261
S,Sx_11_44_normal,Sx_11_44,11,train,,normal,best,True,185,46.53641722723842,,,14261
S,Sx_11_44_camera,Sx_11_44,11,train,,camera,native,True,210,34.22649639379233,,,14261
S,Sx_11_44_camera,Sx_11_44,11,train,,camera,best,True,185,47.0583264362067,,,14261
S,Sx_11_44_lighting,Sx_11_44,11,train,,lighting,native,True,180,31.38291696831584,,,14261
S,Sx_11_44_lighting,Sx_11_44,11,train,,lighting,best,True,185,46.474340225569904,,,14261
S,Sx_11_44_combined,Sx_11_44,11,train,,combined,native,True,200,34.461296290159225,,,14261
S,Sx_11_44_combined,Sx_11_44,11,train,,combined,best,True,185,47.74973229691386,,,14261
S,Sx_16_22_normal,Sx_16_22,16,train,,normal,native,True,90,19.33363618515432,,,19239
S,Sx_16_22_normal,Sx_16_22,16,train,,normal,best,True,85,25.43763628974557,,,19239
S,Sx_16_22_camera,Sx_16_22,16,train,,camera,native,True,75,17.348660805262625,,,19239
S,Sx_16_22_camera,Sx_16_22,16,train,,camera,best,False,300,71.65269257780164,,,19239
S,Sx_16_22_lighting,Sx_16_22,16,train,,lighting,native,True,90,19.54795899335295,,,19239
S,Sx_16_22_lighting,Sx_16_22,16,train,,lighting,best,True,95,26.913713535293937,,,19239
S,Sx_16_22_combined,Sx_16_22,16,train,,combined,native,False,300,48.310331612825394,,,19239
S,Sx_16_22_combined,Sx_16_22,16,train,,combined,best,False,300,68.4671539766714,,,19239
S,Sx_16_26_normal,Sx_16_26,16,train,,normal,native,True,85,18.944404833950102,,,19243
S,Sx_16_26_normal,Sx_16_26,16,train,,normal,best,True,85,24.565892385318875,,,19243
S,Sx_16_26_camera,Sx_16_26,16,train,,camera,native,True,175,31.633019618690014,,,19243
S,Sx_16_26_camera,Sx_16_26,16,train,,camera,best,True,90,26.82277436926961,,,19243
S,Sx_16_26_lighting,Sx_16_26,16,train,,lighting,native,True,90,19.485581904649734,,,19243
S,Sx_16_26_lighting,Sx_16_26,16,train,,lighting,best,True,85,25.950903843156993,,,19243
S,Sx_16_26_combined,Sx_16_26,16,train,,combined,native,True,110,22.54061074182391,,,19243
S,Sx_16_26_combined,Sx_16_26,16,train,,combined,best,True,90,25.671762384474277,,,19243
S,Sx_16_34_normal,Sx_16_34,16,train,,normal,native,True,95,20.536433150991797,,,19251
S,Sx_16_34_normal,Sx_16_34,16,train,,normal,best,True,100,29.23981628753245,,,19251
S,Sx_16_34_camera,Sx_16_34,16,train,,camera,native,True,130,25.719321440905333,,,19251
S,Sx_16_34_camera,Sx_16_34,16,train,,camera,best,True,95,27.466531849466264,,,19251
S,Sx_16_34_lighting,Sx_16_34,16,train,,lighting,native,True,110,22.589846913702786,,,19251
S,Sx_16_34_lighting,Sx_16_34,16,train,,lighting,best,True,95,27.615534746088088,,,19251
S,Sx_16_34_combined,Sx_16_34,16,train,,combined,native,True,135,26.3507032552734,,,19251
S,Sx_16_34_combined,Sx_16_34,16,train,,combined,best,True,90,26.337860540486872,,,19251
S,Sx_16_44_normal,Sx_16_44,16,train,,normal,native,True,85,19.191987523809075,,,19261
S,Sx_16_44_normal,Sx_16_44,16,train,,normal,best,True,80,23.892962337471545,,,19261
S,Sx_16_44_camera,Sx_16_44,16,train,,camera,native,False,300,50.06684764102101,,,19261
S,Sx_16_44_camera,Sx_16_44,16,train,,camera,best,True,115,30.661090646870434,,,19261
S,Sx_16_44_lighting,Sx_16_44,16,train,,lighting,native,True,85,19.36351957451552,,,19261
S,Sx_16_44_lighting,Sx_16_44,16,train,,lighting,best,True,80,18.845115124247968,,,19261
S,Sx_16_44_combined,Sx_16_44,16,train,,combined,native,True,155,30.616246384568512,,,19261
S,Sx_16_44_combined,Sx_16_44,16,train,,combined,best,True,100,21.796636653132737,,,19261
S,Sx_21_22_normal,Sx_21_22,21,train,,normal,native,True,125,26.133430753834546,,,24239
S,Sx_21_22_normal,Sx_21_22,21,train,,normal,best,True,115,23.218245282769203,,,24239
S,Sx_21_22_camera,Sx_21_22,21,train,,camera,native,True,280,47.191238179802895,,,24239
S,Sx_21_22_camera,Sx_21_22,21,train,,camera,best,True,245,41.72896586358547,,,24239
S,Sx_21_22_lighting,Sx_21_22,21,train,,lighting,native,True,125,25.171095051802695,,,24239
S,Sx_21_22_lighting,Sx_21_22,21,train,,lighting,best,True,120,23.97901765909046,,,24239
S,Sx_21_22_combined,Sx_21_22,21,train,,combined,native,True,180,32.304395268671215,,,24239
S,Sx_21_22_combined,Sx_21_22,21,train,,combined,best,True,285,46.97283931262791,,,24239
S,Sx_21_26_normal,Sx_21_26,21,train,,normal,native,True,110,22.364043727517128,,,24243
S,Sx_21_26_normal,Sx_21_26,21,train,,normal,best,True,135,26.089654678478837,,,24243
S,Sx_21_26_camera,Sx_21_26,21,train,,camera,native,True,115,22.782030867412686,,,24243
S,Sx_21_26_camera,Sx_21_26,21,train,,camera,best,True,115,23.252604628913105,,,24243
S,Sx_21_26_lighting,Sx_21_26,21,train,,lighting,native,True,120,23.233252342790365,,,24243
S,Sx_21_26_lighting,Sx_21_26,21,train,,lighting,best,True,125,24.49142005853355,,,24243
S,Sx_21_26_combined,Sx_21_26,21,train,,combined,native,True,115,22.577610736712813,,,24243
S,Sx_21_26_combined,Sx_21_26,21,train,,combined,best,True,115,22.902829847298563,,,24243
S,Sx_21_34_normal,Sx_21_34,21,train,,normal,native,True,225,37.10070921946317,,,24251
S,Sx_21_34_normal,Sx_21_34,21,train,,normal,best,True,205,35.687400872819126,,,24251
S,Sx_21_34_camera,Sx_21_34,21,train,,camera,native,True,130,24.935173109173775,,,24251
S,Sx_21_34_camera,Sx_21_34,21,train,,camera,best,True,135,26.115428974851966,,,24251
S,Sx_21_34_lighting,Sx_21_34,21,train,,lighting,native,True,135,26.0517171677202,,,24251
S,Sx_21_34_lighting,Sx_21_34,21,train,,lighting,best,True,205,36.19308929145336,,,24251
S,Sx_21_34_combined,Sx_21_34,21,train,,combined,native,True,135,26.43733182363212,,,24251
S,Sx_21_34_combined,Sx_21_34,21,train,,combined,best,True,135,26.101904870010912,,,24251
S,Sx_21_44_normal,Sx_21_44,21,train,,normal,native,True,120,23.70365230832249,,,24261
S,Sx_21_44_normal,Sx_21_44,21,train,,normal,best,True,125,24.76892397738993,,,24261
S,Sx_21_44_camera,Sx_21_44,21,train,,camera,native,True,235,40.45857476256788,,,24261
S,Sx_21_44_camera,Sx_21_44,21,train,,camera,best,False,300,50.213365929201245,,,24261
S,Sx_21_44_lighting,Sx_21_44,21,train,,lighting,native,False,300,46.947320356965065,,,24261
S,Sx_21_44_lighting,Sx_21_44,21,train,,lighting,best,True,205,35.53150414954871,,,24261
S,Sx_21_44_combined,Sx_21_44,21,train,,combined,native,True,230,38.80545902159065,,,24261
S,Sx_21_44_combined,Sx_21_44,21,train,,combined,best,True,135,38.14713117387146,,,24261
S,Sx_26_22_normal,Sx_26_22,26,train,,normal,native,True,120,23.68769821152091,,,29239
S,Sx_26_22_normal,Sx_26_22,26,train,,normal,best,True,130,39.999850113876164,,,29239
S,Sx_26_22_camera,Sx_26_22,26,train,,camera,native,True,130,24.91086989082396,,,29239
S,Sx_26_22_camera,Sx_26_22,26,train,,camera,best,True,135,41.832361423410475,,,29239
S,Sx_26_22_lighting,Sx_26_22,26,train,,lighting,native,True,120,23.675777096301317,,,29239
S,Sx_26_22_lighting,Sx_26_22,26,train,,lighting,best,True,130,40.591207074932754,,,29239
S,Sx_26_22_combined,Sx_26_22,26,train,,combined,native,True,125,24.0959259159863,,,29239
S,Sx_26_22_combined,Sx_26_22,26,train,,combined,best,True,140,43.66704839468002,,,29239
S,Sx_26_26_normal,Sx_26_26,26,train,,normal,native,True,130,24.78402809984982,,,29243
S,Sx_26_26_normal,Sx_26_26,26,train,,normal,best,True,135,41.359557623043656,,,29243
S,Sx_26_26_camera,Sx_26_26,26,train,,camera,native,True,130,25.23504668753594,,,29243
S,Sx_26_26_camera,Sx_26_26,26,train,,camera,best,True,135,41.2286025704816,,,29243
S,Sx_26_26_lighting,Sx_26_26,26,train,,lighting,native,True,135,26.300474848598242,,,29243
S,Sx_26_26_lighting,Sx_26_26,26,train,,lighting,best,True,135,41.82831865362823,,,29243
S,Sx_26_26_combined,Sx_26_26,26,train,,combined,native,True,140,25.856380600482225,,,29243
S,Sx_26_26_combined,Sx_26_26,26,train,,combined,best,True,145,44.151940720155835,,,29243
S,Sx_26_34_normal,Sx_26_34,26,train,,normal,native,True,130,24.930005866102874,,,29251
S,Sx_26_34_normal,Sx_26_34,26,train,,normal,best,True,125,38.56893305387348,,,29251
S,Sx_26_34_camera,Sx_26_34,26,train,,camera,native,True,130,24.65975402481854,,,29251
S,Sx_26_34_camera,Sx_26_34,26,train,,camera,best,True,135,41.75297363568097,,,29251
S,Sx_26_34_lighting,Sx_26_34,26,train,,lighting,native,True,120,23.407996732741594,,,29251
S,Sx_26_34_lighting,Sx_26_34,26,train,,lighting,best,True,125,38.26296518370509,,,29251
S,Sx_26_34_combined,Sx_26_34,26,train,,combined,native,True,135,24.87809888832271,,,29251
S,Sx_26_34_combined,Sx_26_34,26,train,,combined,best,True,135,41.36720917746425,,,29251
S,Sx_26_44_normal,Sx_26_44,26,train,,normal,native,True,125,24.295646809972823,,,29261
S,Sx_26_44_normal,Sx_26_44,26,train,,normal,best,True,175,51.404067961499095,,,29261
S,Sx_26_44_camera,Sx_26_44,26,train,,camera,native,True,135,25.328749833628535,,,29261
S,Sx_26_44_camera,Sx_26_44,26,train,,camera,best,True,165,48.96599518228322,,,29261
S,Sx_26_44_lighting,Sx_26_44,26,train,,lighting,native,True,140,26.202523302286863,,,29261
S,Sx_26_44_lighting,Sx_26_44,26,train,,lighting,best,True,175,50.66302899830043,,,29261
S,Sx_26_44_combined,Sx_26_44,26,train,,combined,native,True,170,30.846013358794153,,,29261
S,Sx_26_44_combined,Sx_26_44,26,train,,combined,best,True,170,50.57416561059654,,,29261
S,Sx_31_22_normal,Sx_31_22,31,train,,normal,native,True,90,22.165312215685844,,,34239
S,Sx_31_22_normal,Sx_31_22,31,train,,normal,best,True,90,32.008263726718724,,,34239
S,Sx_31_22_camera,Sx_31_22,31,train,,camera,native,True,100,23.384728896431625,,,34239
S,Sx_31_22_camera,Sx_31_22,31,train,,camera,best,True,95,33.381176796741784,,,34239
S,Sx_31_22_lighting,Sx_31_22,31,train,,lighting,native,True,95,22.609344348311424,,,34239
S,Sx_31_22_lighting,Sx_31_22,31,train,,lighting,best,True,95,33.208240849897265,,,34239
S,Sx_31_22_combined,Sx_31_22,31,train,,combined,native,True,95,22.52519945707172,,,34239
S,Sx_31_22_combined,Sx_31_22,31,train,,combined,best,True,95,32.36333501338959,,,34239
S,Sx_31_26_normal,Sx_31_26,31,train,,normal,native,True,95,22.29147654864937,,,34243
S,Sx_31_26_normal,Sx_31_26,31,train,,normal,best,True,90,31.736062796786427,,,34243
S,Sx_31_26_camera,Sx_31_26,31,train,,camera,native,True,95,22.062832827679813,,,34243
S,Sx_31_26_camera,Sx_31_26,31,train,,camera,best,True,125,40.01173340436071,,,34243
S,Sx_31_26_lighting,Sx_31_26,31,train,,lighting,native,True,100,23.159870555624366,,,34243
S,Sx_31_26_lighting,Sx_31_26,31,train,,lighting,best,True,105,35.93328657094389,,,34243
S,Sx_31_26_combined,Sx_31_26,31,train,,combined,native,True,95,22.702929832972586,,,34243
S,Sx_31_26_combined,Sx_31_26,31,train,,combined,best,True,120,39.61242158245295,,,34243
S,Sx_31_34_normal,Sx_31_34,31,train,,normal,native,True,90,22.12976151984185,,,34251
S,Sx_31_34_normal,Sx_31_34,31,train,,normal,best,True,105,35.39526084251702,,,34251
S,Sx_31_34_camera,Sx_31_34,31,train,,camera,native,True,95,22.961911145597696,,,34251
S,Sx_31_34_camera,Sx_31_34,31,train,,camera,best,True,100,34.445860562846065,,,34251
S,Sx_31_34_lighting,Sx_31_34,31,train,,lighting,native,True,150,31.60476710833609,,,34251
S,Sx_31_34_lighting,Sx_31_34,31,train,,lighting,best,True,100,34.417589196935296,,,34251
S,Sx_31_34_combined,Sx_31_34,31,train,,combined,native,True,95,22.80310771614313,,,34251
S,Sx_31_34_combined,Sx_31_34,31,train,,combined,best,True,100,33.522802707739174,,,34251
S,Sx_31_44_normal,Sx_31_44,31,train,,normal,native,True,90,21.821111546829343,,,34261
S,Sx_31_44_normal,Sx_31_44,31,train,,normal,best,True,90,31.554898497648537,,,34261
S,Sx_31_44_camera,Sx_31_44,31,train,,camera,native,True,270,47.953723893500865,,,34261
S,Sx_31_44_camera,Sx_31_44,31,train,,camera,best,True,95,32.986311805434525,,,34261
S,Sx_31_44_lighting,Sx_31_44,31,train,,lighting,native,True,90,21.634532331489027,,,34261
S,Sx_31_44_lighting,Sx_31_44,31,train,,lighting,best,True,95,33.601196131668985,,,34261
S,Sx_31_44_combined,Sx_31_44,31,train,,combined,native,True,95,22.569378599524498,,,34261
S,Sx_31_44_combined,Sx_31_44,31,train,,combined,best,True,90,31.47092774324119,,,34261
S,Sx_36_22_normal,Sx_36_22,36,train,,normal,native,True,90,21.488833867944777,,,39239
S,Sx_36_22_normal,Sx_36_22,36,train,,normal,best,True,90,31.190326942130923,,,39239
S,Sx_36_22_camera,Sx_36_22,36,train,,camera,native,True,135,28.328198425471783,,,39239
S,Sx_36_22_camera,Sx_36_22,36,train,,camera,best,True,115,38.573116950690746,,,39239
S,Sx_36_22_lighting,Sx_36_22,36,train,,lighting,native,True,95,22.129910118877888,,,39239
S,Sx_36_22_lighting,Sx_36_22,36,train,,lighting,best,True,90,31.85191017203033,,,39239
S,Sx_36_22_combined,Sx_36_22,36,train,,combined,native,True,125,26.80291310697794,,,39239
S,Sx_36_22_combined,Sx_36_22,36,train,,combined,best,True,115,39.143530703149736,,,39239
S,Sx_36_26_normal,Sx_36_26,36,train,,normal,native,True,85,21.03253515250981,,,39243
S,Sx_36_26_normal,Sx_36_26,36,train,,normal,best,True,85,30.200914344750345,,,39243
S,Sx_36_26_camera,Sx_36_26,36,train,,camera,native,True,90,21.720415119081736,,,39243
S,Sx_36_26_camera,Sx_36_26,36,train,,camera,best,True,90,31.65726950392127,,,39243
S,Sx_36_26_lighting,Sx_36_26,36,train,,lighting,native,True,85,20.745836260728538,,,39243
S,Sx_36_26_lighting,Sx_36_26,36,train,,lighting,best,True,85,30.435840848833323,,,39243
S,Sx_36_26_combined,Sx_36_26,36,train,,combined,native,True,90,21.865030974149704,,,39243
S,Sx_36_26_combined,Sx_36_26,36,train,,combined,best,True,90,31.085756743326783,,,39243
S,Sx_36_34_normal,Sx_36_34,36,train,,normal,native,True,80,19.938812039792538,,,39251
S,Sx_36_34_normal,Sx_36_34,36,train,,normal,best,True,80,29.059386574663222,,,39251
S,Sx_36_34_camera,Sx_36_34,36,train,,camera,native,True,90,21.84046447928995,,,39251
S,Sx_36_34_camera,Sx_36_34,36,train,,camera,best,True,90,31.59851776342839,,,39251
S,Sx_36_34_lighting,Sx_36_34,36,train,,lighting,native,True,80,20.120726455934346,,,39251
S,Sx_36_34_lighting,Sx_36_34,36,train,,lighting,best,True,80,28.93747135065496,,,39251
S,Sx_36_34_combined,Sx_36_34,36,train,,combined,native,True,90,22.198443530127406,,,39251
S,Sx_36_34_combined,Sx_36_34,36,train,,combined,best,True,90,31.829076888039708,,,39251
S,Sx_36_44_normal,Sx_36_44,36,train,,normal,native,True,85,21.079061318188906,,,39261
S,Sx_36_44_normal,Sx_36_44,36,train,,normal,best,True,85,30.97559825144708,,,39261
S,Sx_36_44_camera,Sx_36_44,36,train,,camera,native,True,100,22.89130946341902,,,39261
S,Sx_36_44_camera,Sx_36_44,36,train,,camera,best,True,90,32.55448277294636,,,39261
S,Sx_36_44_lighting,Sx_36_44,36,train,,lighting,native,True,85,21.038106195628643,,,39261
S,Sx_36_44_lighting,Sx_36_44,36,train,,lighting,best,True,85,30.152499719522893,,,39261
S,Sx_36_44_combined,Sx_36_44,36,train,,combined,native,True,110,24.94266294874251,,,39261
S,Sx_36_44_combined,Sx_36_44,36,train,,combined,best,True,90,31.949537265114486,,,39261
H,Hx_02_22_target0_visible,Hx_02_22,26,train,milk_1,visible,native,True,5,8.570817455649376,-0.012484693686774961,0,29239
H,Hx_02_22_target0_visible,Hx_02_22,26,train,milk_1,visible,best,True,5,8.688833765685558,-0.010950581265815301,0,29239
H,Hx_02_22_target0_hidden,Hx_02_22,26,train,milk_1,hidden,native,True,5,8.435713271610439,-0.002712651580618536,0,29239
H,Hx_02_22_target0_hidden,Hx_02_22,26,train,milk_1,hidden,best,True,5,8.579003328457475,-0.009404182037138026,0,29239
H,Hx_02_22_target1_visible,Hx_02_22,26,train,milk_1,visible,native,True,5,8.5633805077523,0.00677040466865958,1,29239
H,Hx_02_22_target1_visible,Hx_02_22,26,train,milk_1,visible,best,True,5,8.655806632712483,0.012277620401876715,1,29239
H,Hx_02_22_target1_hidden,Hx_02_22,26,train,milk_1,hidden,native,False,5,8.494658681564033,-0.002712651580618536,1,29239
H,Hx_02_22_target1_hidden,Hx_02_22,26,train,milk_1,hidden,best,True,5,8.63442435581237,0.01119545622200352,1,29239
H,Hx_02_26_target0_visible,Hx_02_26,26,train,milk_1,visible,native,True,5,8.478698232211173,-0.011981713584738984,0,29243
H,Hx_02_26_target0_visible,Hx_02_26,26,train,milk_1,visible,best,True,5,8.665364505723119,-0.013195606949238103,0,29243
H,Hx_02_26_target0_hidden,Hx_02_26,26,train,milk_1,hidden,native,True,5,8.523176033981144,-0.0022428785847164456,0,29243
H,Hx_02_26_target0_hidden,Hx_02_26,26,train,milk_1,hidden,best,True,5,8.617716717533767,-0.012030639930552645,0,29243
H,Hx_02_26_target1_visible,Hx_02_26,26,train,milk_1,visible,native,True,5,8.424903392791748,0.006952118734089713,1,29243
H,Hx_02_26_target1_visible,Hx_02_26,26,train,milk_1,visible,best,True,5,8.682825275696814,0.013999318951993467,1,29243
H,Hx_02_26_target1_hidden,Hx_02_26,26,train,milk_1,hidden,native,False,5,8.271746002137661,-0.0022428785847164456,1,29243
H,Hx_02_26_target1_hidden,Hx_02_26,26,train,milk_1,hidden,best,True,5,8.64065605495125,0.014080883763913643,1,29243
H,Hx_02_34_target0_visible,Hx_02_34,26,train,milk_1,visible,native,True,5,8.33262531273067,-0.014520790150459095,0,29251
H,Hx_02_34_target0_visible,Hx_02_34,26,train,milk_1,visible,best,True,5,8.675011430867016,-0.017236830730075925,0,29251
H,Hx_02_34_target0_hidden,Hx_02_34,26,train,milk_1,hidden,native,True,5,8.39223009813577,-0.0042554221459062125,0,29251
H,Hx_02_34_target0_hidden,Hx_02_34,26,train,milk_1,hidden,best,True,5,8.711674804799259,-0.015598121914340679,0,29251
H,Hx_02_34_target1_visible,Hx_02_34,26,train,milk_1,visible,native,True,5,8.387062706053257,0.006387070249160992,1,29251
H,Hx_02_34_target1_visible,Hx_02_34,26,train,milk_1,visible,best,True,5,8.685157188214362,0.010628545090779179,1,29251
H,Hx_02_34_target1_hidden,Hx_02_34,26,train,milk_1,hidden,native,False,5,8.488381971605122,-0.0042554221459061015,1,29251
H,Hx_02_34_target1_hidden,Hx_02_34,26,train,milk_1,hidden,best,True,5,8.781371465884149,0.009980877904742114,1,29251
H,Hx_02_44_target0_visible,Hx_02_44,26,train,milk_1,visible,native,True,5,8.566758207045496,-0.012694841125383355,0,29261
H,Hx_02_44_target0_visible,Hx_02_44,26,train,milk_1,visible,best,True,5,8.699319700710475,-0.012502141710049958,0,29261
H,Hx_02_44_target0_hidden,Hx_02_44,26,train,milk_1,hidden,native,True,5,8.437901734374464,-0.0037073153116828628,0,29261
H,Hx_02_44_target0_hidden,Hx_02_44,26,train,milk_1,hidden,best,True,5,8.629476605914533,-0.010747366190291457,0,29261
H,Hx_02_44_target1_visible,Hx_02_44,26,train,milk_1,visible,native,True,5,8.36676726397127,0.006090112488451399,1,29261
H,Hx_02_44_target1_visible,Hx_02_44,26,train,milk_1,visible,best,True,5,8.712642880156636,0.009458134934434259,1,29261
H,Hx_02_44_target1_hidden,Hx_02_44,26,train,milk_1,hidden,native,False,5,8.443446468561888,-0.0037073153116827795,1,29261
H,Hx_02_44_target1_hidden,Hx_02_44,26,train,milk_1,hidden,best,True,5,8.631916832178831,0.009644519660585216,1,29261
S,Sx_02_22_normal,Sx_02_22,2,test,,normal,native,True,340,42.14388702902943,,,5239
S,Sx_02_22_normal,Sx_02_22,2,test,,normal,best,False,500,110.88773570675403,,,5239
S,Sx_02_22_camera,Sx_02_22,2,test,,camera,native,False,500,58.67095515038818,,,5239
S,Sx_02_22_camera,Sx_02_22,2,test,,camera,best,False,500,112.02105298358947,,,5239
S,Sx_02_22_lighting,Sx_02_22,2,test,,lighting,native,True,295,37.50758584588766,,,5239
S,Sx_02_22_lighting,Sx_02_22,2,test,,lighting,best,False,500,115.09192648809403,,,5239
S,Sx_02_22_combined,Sx_02_22,2,test,,combined,native,False,500,58.72531645465642,,,5239
S,Sx_02_22_combined,Sx_02_22,2,test,,combined,best,False,500,112.34682017192245,,,5239
S,Sx_02_26_normal,Sx_02_26,2,test,,normal,native,True,260,33.788067552261055,,,5243
S,Sx_02_26_normal,Sx_02_26,2,test,,normal,best,True,315,74.02213266305625,,,5243
S,Sx_02_26_camera,Sx_02_26,2,test,,camera,native,True,475,56.00650250259787,,,5243
S,Sx_02_26_camera,Sx_02_26,2,test,,camera,best,False,500,112.35995293688029,,,5243
S,Sx_02_26_lighting,Sx_02_26,2,test,,lighting,native,True,250,32.70889274869114,,,5243
S,Sx_02_26_lighting,Sx_02_26,2,test,,lighting,best,False,500,113.04535822197795,,,5243
S,Sx_02_26_combined,Sx_02_26,2,test,,combined,native,True,260,34.01271847821772,,,5243
S,Sx_02_26_combined,Sx_02_26,2,test,,combined,best,False,500,114.99829515442252,,,5243
S,Sx_02_34_normal,Sx_02_34,2,test,,normal,native,True,250,32.71432818565518,,,5251
S,Sx_02_34_normal,Sx_02_34,2,test,,normal,best,True,280,65.21532310079783,,,5251
S,Sx_02_34_camera,Sx_02_34,2,test,,camera,native,False,500,58.16324366629124,,,5251
S,Sx_02_34_camera,Sx_02_34,2,test,,camera,best,False,500,112.88896070700139,,,5251
S,Sx_02_34_lighting,Sx_02_34,2,test,,lighting,native,True,240,31.757328831590712,,,5251
S,Sx_02_34_lighting,Sx_02_34,2,test,,lighting,best,True,285,69.38714115414768,,,5251
S,Sx_02_34_combined,Sx_02_34,2,test,,combined,native,False,500,58.278644835576415,,,5251
S,Sx_02_34_combined,Sx_02_34,2,test,,combined,best,False,500,111.50174792576581,,,5251
S,Sx_02_44_normal,Sx_02_44,2,test,,normal,native,False,500,58.15616333857179,,,5261
S,Sx_02_44_normal,Sx_02_44,2,test,,normal,best,True,270,66.19673611409962,,,5261
S,Sx_02_44_camera,Sx_02_44,2,test,,camera,native,True,425,51.71764202788472,,,5261
S,Sx_02_44_camera,Sx_02_44,2,test,,camera,best,False,500,113.45400067325681,,,5261
S,Sx_02_44_lighting,Sx_02_44,2,test,,lighting,native,False,500,58.256619580090046,,,5261
S,Sx_02_44_lighting,Sx_02_44,2,test,,lighting,best,True,340,79.1701938956976,,,5261
S,Sx_02_44_combined,Sx_02_44,2,test,,combined,native,True,255,33.2768791122362,,,5261
S,Sx_02_44_combined,Sx_02_44,2,test,,combined,best,False,500,113.86248073261231,,,5261
S,Sx_07_22_normal,Sx_07_22,7,train,,normal,native,True,235,36.301136285066605,,,10239
S,Sx_07_22_normal,Sx_07_22,7,train,,normal,best,True,255,68.02433677390218,,,10239
S,Sx_07_22_camera,Sx_07_22,7,train,,camera,native,False,500,63.63645947352052,,,10239
S,Sx_07_22_camera,Sx_07_22,7,train,,camera,best,False,500,118.9131407495588,,,10239
S,Sx_07_22_lighting,Sx_07_22,7,train,,lighting,native,True,225,35.37992080952972,,,10239
S,Sx_07_22_lighting,Sx_07_22,7,train,,lighting,best,True,255,64.4118288680911,,,10239
S,Sx_07_22_combined,Sx_07_22,7,train,,combined,native,False,500,64.3946469919756,,,10239
S,Sx_07_22_combined,Sx_07_22,7,train,,combined,best,False,500,118.68504054006189,,,10239
S,Sx_07_26_normal,Sx_07_26,7,train,,normal,native,True,230,35.78389796521515,,,10243
S,Sx_07_26_normal,Sx_07_26,7,train,,normal,best,True,230,61.47242623753846,,,10243
S,Sx_07_26_camera,Sx_07_26,7,train,,camera,native,False,500,64.75758370105177,,,10243
S,Sx_07_26_camera,Sx_07_26,7,train,,camera,best,True,340,85.92586168367416,,,10243
S,Sx_07_26_lighting,Sx_07_26,7,train,,lighting,native,True,235,36.48171898256987,,,10243
S,Sx_07_26_lighting,Sx_07_26,7,train,,lighting,best,True,220,59.90272480621934,,,10243
S,Sx_07_26_combined,Sx_07_26,7,train,,combined,native,False,500,64.856157341972,,,10243
S,Sx_07_26_combined,Sx_07_26,7,train,,combined,best,True,310,77.22718177177012,,,10243
S,Sx_07_34_normal,Sx_07_34,7,train,,normal,native,True,220,34.67559883650392,,,10251
S,Sx_07_34_normal,Sx_07_34,7,train,,normal,best,True,215,57.6880342354998,,,10251
S,Sx_07_34_camera,Sx_07_34,7,train,,camera,native,True,220,34.17521286197007,,,10251
S,Sx_07_34_camera,Sx_07_34,7,train,,camera,best,True,225,59.145503317937255,,,10251
S,Sx_07_34_lighting,Sx_07_34,7,train,,lighting,native,True,220,34.51359791960567,,,10251
S,Sx_07_34_lighting,Sx_07_34,7,train,,lighting,best,True,215,57.55334362294525,,,10251
S,Sx_07_34_combined,Sx_07_34,7,train,,combined,native,True,240,37.01025571115315,,,10251
S,Sx_07_34_combined,Sx_07_34,7,train,,combined,best,True,225,57.96906178165227,,,10251
S,Sx_07_44_normal,Sx_07_44,7,train,,normal,native,True,225,35.15803773794323,,,10261
S,Sx_07_44_normal,Sx_07_44,7,train,,normal,best,False,500,117.71628928929567,,,10261
S,Sx_07_44_camera,Sx_07_44,7,train,,camera,native,False,500,64.51492147147655,,,10261
S,Sx_07_44_camera,Sx_07_44,7,train,,camera,best,True,375,92.99021927174181,,,10261
S,Sx_07_44_lighting,Sx_07_44,7,train,,lighting,native,True,230,35.84764548856765,,,10261
S,Sx_07_44_lighting,Sx_07_44,7,train,,lighting,best,True,210,55.941941851750016,,,10261
S,Sx_07_44_combined,Sx_07_44,7,train,,combined,native,False,500,65.14173518214375,,,10261
S,Sx_07_44_combined,Sx_07_44,7,train,,combined,best,False,500,116.89713743608445,,,10261
S,Sx_12_22_normal,Sx_12_22,12,train,,normal,native,True,145,22.402685087174177,,,15239
S,Sx_12_22_normal,Sx_12_22,12,train,,normal,best,True,170,44.480621605180204,,,15239
S,Sx_12_22_camera,Sx_12_22,12,train,,camera,native,True,145,22.325030639767647,,,15239
S,Sx_12_22_camera,Sx_12_22,12,train,,camera,best,True,205,51.19729939382523,,,15239
S,Sx_12_22_lighting,Sx_12_22,12,train,,lighting,native,True,150,22.96162893343717,,,15239
S,Sx_12_22_lighting,Sx_12_22,12,train,,lighting,best,True,155,38.70351494848728,,,15239
S,Sx_12_22_combined,Sx_12_22,12,train,,combined,native,True,135,21.58101562783122,,,15239
S,Sx_12_22_combined,Sx_12_22,12,train,,combined,best,True,130,33.17121826019138,,,15239
S,Sx_12_26_normal,Sx_12_26,12,train,,normal,native,True,185,26.643618407659233,,,15243
S,Sx_12_26_normal,Sx_12_26,12,train,,normal,best,True,200,47.776317487470806,,,15243
S,Sx_12_26_camera,Sx_12_26,12,train,,camera,native,False,300,38.60547730885446,,,15243
S,Sx_12_26_camera,Sx_12_26,12,train,,camera,best,False,300,71.29286875296384,,,15243
S,Sx_12_26_lighting,Sx_12_26,12,train,,lighting,native,False,300,38.428484053350985,,,15243
S,Sx_12_26_lighting,Sx_12_26,12,train,,lighting,best,True,155,39.97861305437982,,,15243
S,Sx_12_26_combined,Sx_12_26,12,train,,combined,native,False,300,39.07031589653343,,,15243
S,Sx_12_26_combined,Sx_12_26,12,train,,combined,best,False,300,69.89573641493917,,,15243
S,Sx_12_34_normal,Sx_12_34,12,train,,normal,native,True,125,22.879014305770397,,,15251
S,Sx_12_34_normal,Sx_12_34,12,train,,normal,best,True,130,34.82947645988315,,,15251
S,Sx_12_34_camera,Sx_12_34,12,train,,camera,native,True,130,20.87149865925312,,,15251
S,Sx_12_34_camera,Sx_12_34,12,train,,camera,best,True,125,32.10004404466599,,,15251
S,Sx_12_34_lighting,Sx_12_34,12,train,,lighting,native,True,130,20.83159193303436,,,15251
S,Sx_12_34_lighting,Sx_12_34,12,train,,lighting,best,True,135,32.670911324210465,,,15251
S,Sx_12_34_combined,Sx_12_34,12,train,,combined,native,True,140,22.037274790927768,,,15251
S,Sx_12_34_combined,Sx_12_34,12,train,,combined,best,False,300,70.099031326361,,,15251
S,Sx_12_44_normal,Sx_12_44,12,train,,normal,native,True,145,22.351071447134018,,,15261
S,Sx_12_44_normal,Sx_12_44,12,train,,normal,best,True,155,29.246606709435582,,,15261
S,Sx_12_44_camera,Sx_12_44,12,train,,camera,native,True,155,24.161471486091614,,,15261
S,Sx_12_44_camera,Sx_12_44,12,train,,camera,best,True,295,41.83366565965116,,,15261
S,Sx_12_44_lighting,Sx_12_44,12,train,,lighting,native,True,155,24.161406707949936,,,15261
S,Sx_12_44_lighting,Sx_12_44,12,train,,lighting,best,True,150,27.336282062344253,,,15261
S,Sx_12_44_combined,Sx_12_44,12,train,,combined,native,True,155,23.616312053985894,,,15261
S,Sx_12_44_combined,Sx_12_44,12,train,,combined,best,True,195,31.5829854933545,,,15261
S,Sx_17_22_normal,Sx_17_22,17,train,,normal,native,True,160,24.13875636085868,,,20239
S,Sx_17_22_normal,Sx_17_22,17,train,,normal,best,True,115,23.620337462052703,,,20239
S,Sx_17_22_camera,Sx_17_22,17,train,,camera,native,True,130,20.80602378770709,,,20239
S,Sx_17_22_camera,Sx_17_22,17,train,,camera,best,True,115,23.527087182737887,,,20239
S,Sx_17_22_lighting,Sx_17_22,17,train,,lighting,native,True,155,23.330557798966765,,,20239
S,Sx_17_22_lighting,Sx_17_22,17,train,,lighting,best,True,115,22.760664824396372,,,20239
S,Sx_17_22_combined,Sx_17_22,17,train,,combined,native,True,145,22.38047053758055,,,20239
S,Sx_17_22_combined,Sx_17_22,17,train,,combined,best,True,120,23.994679969735444,,,20239
S,Sx_17_26_normal,Sx_17_26,17,train,,normal,native,True,125,20.28981283865869,,,20243
S,Sx_17_26_normal,Sx_17_26,17,train,,normal,best,True,125,24.040718401782215,,,20243
S,Sx_17_26_camera,Sx_17_26,17,train,,camera,native,True,175,25.497350346297026,,,20243
S,Sx_17_26_camera,Sx_17_26,17,train,,camera,best,True,190,30.517003276385367,,,20243
S,Sx_17_26_lighting,Sx_17_26,17,train,,lighting,native,True,120,20.17230169568211,,,20243
S,Sx_17_26_lighting,Sx_17_26,17,train,,lighting,best,True,125,24.002253448590636,,,20243
S,Sx_17_26_combined,Sx_17_26,17,train,,combined,native,True,130,20.7973500918597,,,20243
S,Sx_17_26_combined,Sx_17_26,17,train,,combined,best,True,195,31.27515354845673,,,20243
S,Sx_17_34_normal,Sx_17_34,17,train,,normal,native,True,120,19.66858136281371,,,20251
S,Sx_17_34_normal,Sx_17_34,17,train,,normal,best,True,120,23.91284799389541,,,20251
S,Sx_17_34_camera,Sx_17_34,17,train,,camera,native,False,300,39.06581883318722,,,20251
S,Sx_17_34_camera,Sx_17_34,17,train,,camera,best,True,120,23.69653807953,,,20251
S,Sx_17_34_lighting,Sx_17_34,17,train,,lighting,native,True,130,20.87625704240054,,,20251
S,Sx_17_34_lighting,Sx_17_34,17,train,,lighting,best,True,120,23.66892881784588,,,20251
S,Sx_17_34_combined,Sx_17_34,17,train,,combined,native,False,300,38.88665497303009,,,20251
S,Sx_17_34_combined,Sx_17_34,17,train,,combined,best,True,120,23.83383383229375,,,20251
S,Sx_17_44_normal,Sx_17_44,17,train,,normal,native,True,130,20.690162057057023,,,20261
S,Sx_17_44_normal,Sx_17_44,17,train,,normal,best,True,125,24.49310207180679,,,20261
S,Sx_17_44_camera,Sx_17_44,17,train,,camera,native,True,120,19.728068341501057,,,20261
S,Sx_17_44_camera,Sx_17_44,17,train,,camera,best,False,300,40.689162318594754,,,20261
S,Sx_17_44_lighting,Sx_17_44,17,train,,lighting,native,True,130,20.978293515741825,,,20261
S,Sx_17_44_lighting,Sx_17_44,17,train,,lighting,best,True,125,24.62441278155893,,,20261
S,Sx_17_44_combined,Sx_17_44,17,train,,combined,native,True,125,20.23480795416981,,,20261
S,Sx_17_44_combined,Sx_17_44,17,train,,combined,best,False,300,40.70414156652987,,,20261
S,Sx_22_22_normal,Sx_22_22,22,train,,normal,native,True,145,21.76743055600673,,,25239
S,Sx_22_22_normal,Sx_22_22,22,train,,normal,best,True,145,25.867544162087142,,,25239
S,Sx_22_22_camera,Sx_22_22,22,train,,camera,native,True,145,21.892310122027993,,,25239
S,Sx_22_22_camera,Sx_22_22,22,train,,camera,best,True,225,33.37727232184261,,,25239
S,Sx_22_22_lighting,Sx_22_22,22,train,,lighting,native,True,140,21.690973264165223,,,25239
S,Sx_22_22_lighting,Sx_22_22,22,train,,lighting,best,True,140,25.612259949557483,,,25239
S,Sx_22_22_combined,Sx_22_22,22,train,,combined,native,False,300,37.87260431796312,,,25239
S,Sx_22_22_combined,Sx_22_22,22,train,,combined,best,True,185,29.38858364894986,,,25239
S,Sx_22_26_normal,Sx_22_26,22,train,,normal,native,True,180,26.33903443440795,,,25243
S,Sx_22_26_normal,Sx_22_26,22,train,,normal,best,True,165,27.389498722739518,,,25243
S,Sx_22_26_camera,Sx_22_26,22,train,,camera,native,False,300,38.760745079256594,,,25243
S,Sx_22_26_camera,Sx_22_26,22,train,,camera,best,True,185,29.277353043667972,,,25243
S,Sx_22_26_lighting,Sx_22_26,22,train,,lighting,native,True,185,30.083990337327123,,,25243
S,Sx_22_26_lighting,Sx_22_26,22,train,,lighting,best,True,150,26.292469415813684,,,25243
S,Sx_22_26_combined,Sx_22_26,22,train,,combined,native,False,300,43.81424187403172,,,25243
S,Sx_22_26_combined,Sx_22_26,22,train,,combined,best,True,160,27.270264342427254,,,25243
S,Sx_22_34_normal,Sx_22_34,22,train,,normal,native,True,155,34.1081233844161,,,25251
S,Sx_22_34_normal,Sx_22_34,22,train,,normal,best,True,150,26.22787324897945,,,25251
S,Sx_22_34_camera,Sx_22_34,22,train,,camera,native,True,145,32.15234441868961,,,25251
S,Sx_22_34_camera,Sx_22_34,22,train,,camera,best,True,160,27.53739762865007,,,25251
S,Sx_22_34_lighting,Sx_22_34,22,train,,lighting,native,True,145,26.566894029267132,,,25251
S,Sx_22_34_lighting,Sx_22_34,22,train,,lighting,best,True,150,26.07712243963033,,,25251
S,Sx_22_34_combined,Sx_22_34,22,train,,combined,native,True,150,23.460585282184184,,,25251
S,Sx_22_34_combined,Sx_22_34,22,train,,combined,best,True,135,24.894849069416523,,,25251
S,Sx_22_44_normal,Sx_22_44,22,train,,normal,native,True,135,21.206000764854252,,,25261
S,Sx_22_44_normal,Sx_22_44,22,train,,normal,best,True,140,25.30586322210729,,,25261
S,Sx_22_44_camera,Sx_22_44,22,train,,camera,native,True,135,21.460751405917108,,,25261
S,Sx_22_44_camera,Sx_22_44,22,train,,camera,best,True,135,25.03963408153504,,,25261
S,Sx_22_44_lighting,Sx_22_44,22,train,,lighting,native,True,130,20.634915902279317,,,25261
S,Sx_22_44_lighting,Sx_22_44,22,train,,lighting,best,True,155,26.69960632082075,,,25261
S,Sx_22_44_combined,Sx_22_44,22,train,,combined,native,True,195,27.220700146630406,,,25261
S,Sx_22_44_combined,Sx_22_44,22,train,,combined,best,True,135,25.112143587321043,,,25261
S,Sx_27_22_normal,Sx_27_22,27,test,,normal,native,True,135,21.174657746218145,,,30239
S,Sx_27_22_normal,Sx_27_22,27,test,,normal,best,True,125,24.21130624692887,,,30239
S,Sx_27_22_camera,Sx_27_22,27,test,,camera,native,True,125,35.8355567920953,,,30239
S,Sx_27_22_camera,Sx_27_22,27,test,,camera,best,True,125,24.070461499504745,,,30239
S,Sx_27_22_lighting,Sx_27_22,27,test,,lighting,native,True,170,38.34076786600053,,,30239
S,Sx_27_22_lighting,Sx_27_22,27,test,,lighting,best,True,120,23.7455769283697,,,30239
S,Sx_27_22_combined,Sx_27_22,27,test,,combined,native,True,175,30.785643463023007,,,30239
S,Sx_27_22_combined,Sx_27_22,27,test,,combined,best,True,125,24.145858850330114,,,30239
S,Sx_27_26_normal,Sx_27_26,27,test,,normal,native,True,150,22.6710908934474,,,30243
S,Sx_27_26_normal,Sx_27_26,27,test,,normal,best,True,125,24.27162140235305,,,30243
S,Sx_27_26_camera,Sx_27_26,27,test,,camera,native,True,125,20.227304092608392,,,30243
S,Sx_27_26_camera,Sx_27_26,27,test,,camera,best,True,135,24.887591493315995,,,30243
S,Sx_27_26_lighting,Sx_27_26,27,test,,lighting,native,True,120,22.360919791273773,,,30243
S,Sx_27_26_lighting,Sx_27_26,27,test,,lighting,best,True,125,24.31741823721677,,,30243
S,Sx_27_26_combined,Sx_27_26,27,test,,combined,native,True,135,25.66923729889095,,,30243
S,Sx_27_26_combined,Sx_27_26,27,test,,combined,best,True,135,25.085295191965997,,,30243
S,Sx_27_34_normal,Sx_27_34,27,test,,normal,native,True,205,34.567935842089355,,,30251
S,Sx_27_34_normal,Sx_27_34,27,test,,normal,best,True,180,29.371779959648848,,,30251
S,Sx_27_34_camera,Sx_27_34,27,test,,camera,native,True,130,24.574334152042866,,,30251
S,Sx_27_34_camera,Sx_27_34,27,test,,camera,best,True,145,26.103234191425145,,,30251
S,Sx_27_34_lighting,Sx_27_34,27,test,,lighting,native,True,130,25.011249679140747,,,30251
S,Sx_27_34_lighting,Sx_27_34,27,test,,lighting,best,True,130,24.452215749770403,,,30251
S,Sx_27_34_combined,Sx_27_34,27,test,,combined,native,True,125,24.19000435154885,,,30251
S,Sx_27_34_combined,Sx_27_34,27,test,,combined,best,True,150,26.327280863188207,,,30251
S,Sx_27_44_normal,Sx_27_44,27,test,,normal,native,True,135,25.427746161818504,,,30261
S,Sx_27_44_normal,Sx_27_44,27,test,,normal,best,True,125,23.984218761324883,,,30261
S,Sx_27_44_camera,Sx_27_44,27,test,,camera,native,True,120,23.744642824865878,,,30261
S,Sx_27_44_camera,Sx_27_44,27,test,,camera,best,True,130,24.824863146059215,,,30261
S,Sx_27_44_lighting,Sx_27_44,27,test,,lighting,native,True,120,23.709652457386255,,,30261
S,Sx_27_44_lighting,Sx_27_44,27,test,,lighting,best,True,125,23.8778739515692,,,30261
S,Sx_27_44_combined,Sx_27_44,27,test,,combined,native,True,115,23.071522538550198,,,30261
S,Sx_27_44_combined,Sx_27_44,27,test,,combined,best,True,125,24.060931872576475,,,30261
S,Sx_32_22_normal,Sx_32_22,32,train,,normal,native,True,115,25.150684785097837,,,35239
S,Sx_32_22_normal,Sx_32_22,32,train,,normal,best,True,120,25.885308478958905,,,35239
S,Sx_32_22_camera,Sx_32_22,32,train,,camera,native,True,130,27.591541938483715,,,35239
S,Sx_32_22_camera,Sx_32_22,32,train,,camera,best,True,125,26.401890385895967,,,35239
S,Sx_32_22_lighting,Sx_32_22,32,train,,lighting,native,True,120,26.439099834300578,,,35239
S,Sx_32_22_lighting,Sx_32_22,32,train,,lighting,best,True,120,25.809192515909672,,,35239
S,Sx_32_22_combined,Sx_32_22,32,train,,combined,native,True,135,28.671290477737784,,,35239
S,Sx_32_22_combined,Sx_32_22,32,train,,combined,best,True,135,27.49377569463104,,,35239
S,Sx_32_26_normal,Sx_32_26,32,train,,normal,native,True,125,27.63899797294289,,,35243
S,Sx_32_26_normal,Sx_32_26,32,train,,normal,best,True,125,26.439730948768556,,,35243
S,Sx_32_26_camera,Sx_32_26,32,train,,camera,native,True,145,29.563417392782867,,,35243
S,Sx_32_26_camera,Sx_32_26,32,train,,camera,best,False,300,43.460426897741854,,,35243
S,Sx_32_26_lighting,Sx_32_26,32,train,,lighting,native,True,120,25.905865490436554,,,35243
S,Sx_32_26_lighting,Sx_32_26,32,train,,lighting,best,True,135,27.36058550979942,,,35243
S,Sx_32_26_combined,Sx_32_26,32,train,,combined,native,True,140,29.368385249748826,,,35243
S,Sx_32_26_combined,Sx_32_26,32,train,,combined,best,True,145,27.966795432381332,,,35243
S,Sx_32_34_normal,Sx_32_34,32,train,,normal,native,True,120,26.863087904639542,,,35251
S,Sx_32_34_normal,Sx_32_34,32,train,,normal,best,False,300,46.20226239133626,,,35251
S,Sx_32_34_camera,Sx_32_34,32,train,,camera,native,False,300,53.675571330823004,,,35251
S,Sx_32_34_camera,Sx_32_34,32,train,,camera,best,True,165,30.772314013913274,,,35251
S,Sx_32_34_lighting,Sx_32_34,32,train,,lighting,native,True,125,27.410067678429186,,,35251
S,Sx_32_34_lighting,Sx_32_34,32,train,,lighting,best,True,175,31.159830287098885,,,35251
S,Sx_32_34_combined,Sx_32_34,32,train,,combined,native,False,300,53.05676666274667,,,35251
S,Sx_32_34_combined,Sx_32_34,32,train,,combined,best,False,300,44.3382605900988,,,35251
S,Sx_32_44_normal,Sx_32_44,32,train,,normal,native,True,130,27.599334126338363,,,35261
S,Sx_32_44_normal,Sx_32_44,32,train,,normal,best,True,130,27.095402168110013,,,35261
S,Sx_32_44_camera,Sx_32_44,32,train,,camera,native,True,130,27.926093731075525,,,35261
S,Sx_32_44_camera,Sx_32_44,32,train,,camera,best,True,130,26.717379750683904,,,35261
S,Sx_32_44_lighting,Sx_32_44,32,train,,lighting,native,True,130,27.81437912210822,,,35261
S,Sx_32_44_lighting,Sx_32_44,32,train,,lighting,best,True,130,27.263976879417896,,,35261
S,Sx_32_44_combined,Sx_32_44,32,train,,combined,native,True,145,29.55706666596234,,,35261
S,Sx_32_44_combined,Sx_32_44,32,train,,combined,best,True,130,27.01080313604325,,,35261
S,Sx_37_22_normal,Sx_37_22,37,train,,normal,native,False,300,52.41422284767032,,,40239
S,Sx_37_22_normal,Sx_37_22,37,train,,normal,best,True,105,22.981738408096135,,,40239
S,Sx_37_22_camera,Sx_37_22,37,train,,camera,native,True,95,21.729138668626547,,,40239
S,Sx_37_22_camera,Sx_37_22,37,train,,camera,best,True,100,22.47440139017999,,,40239
S,Sx_37_22_lighting,Sx_37_22,37,train,,lighting,native,False,300,53.188564859330654,,,40239
S,Sx_37_22_lighting,Sx_37_22,37,train,,lighting,best,True,100,22.606798409484327,,,40239
S,Sx_37_22_combined,Sx_37_22,37,train,,combined,native,True,100,23.20776768680662,,,40239
S,Sx_37_22_combined,Sx_37_22,37,train,,combined,best,True,100,22.506948456168175,,,40239
S,Sx_37_26_normal,Sx_37_26,37,train,,normal,native,True,95,23.4191013276577,,,40243
S,Sx_37_26_normal,Sx_37_26,37,train,,normal,best,True,105,22.95560642890632,,,40243
S,Sx_37_26_camera,Sx_37_26,37,train,,camera,native,False,300,52.62443564645946,,,40243
S,Sx_37_26_camera,Sx_37_26,37,train,,camera,best,True,100,22.57609699293971,,,40243
S,Sx_37_26_lighting,Sx_37_26,37,train,,lighting,native,True,95,21.999846250750124,,,40243
S,Sx_37_26_lighting,Sx_37_26,37,train,,lighting,best,True,95,21.982710525393486,,,40243
S,Sx_37_26_combined,Sx_37_26,37,train,,combined,native,False,300,50.77907036524266,,,40243
S,Sx_37_26_combined,Sx_37_26,37,train,,combined,best,True,95,22.03112692385912,,,40243
S,Sx_37_34_normal,Sx_37_34,37,train,,normal,native,True,95,22.254269427619874,,,40251
S,Sx_37_34_normal,Sx_37_34,37,train,,normal,best,True,95,21.931692069396377,,,40251
S,Sx_37_34_camera,Sx_37_34,37,train,,camera,native,False,300,50.93049511406571,,,40251
S,Sx_37_34_camera,Sx_37_34,37,train,,camera,best,True,105,22.950098515488207,,,40251
S,Sx_37_34_lighting,Sx_37_34,37,train,,lighting,native,True,100,23.345283148810267,,,40251
S,Sx_37_34_lighting,Sx_37_34,37,train,,lighting,best,True,100,22.75257998611778,,,40251
S,Sx_37_34_combined,Sx_37_34,37,train,,combined,native,False,300,51.387175519019365,,,40251
S,Sx_37_34_combined,Sx_37_34,37,train,,combined,best,True,110,24.5379411643371,,,40251
S,Sx_37_44_normal,Sx_37_44,37,train,,normal,native,True,85,20.704699216410518,,,40261
S,Sx_37_44_normal,Sx_37_44,37,train,,normal,best,False,300,45.716209524311125,,,40261
S,Sx_37_44_camera,Sx_37_44,37,train,,camera,native,False,300,53.12367559410632,,,40261
S,Sx_37_44_camera,Sx_37_44,37,train,,camera,best,True,170,33.11975355446339,,,40261
S,Sx_37_44_lighting,Sx_37_44,37,train,,lighting,native,True,90,21.696129497140646,,,40261
S,Sx_37_44_lighting,Sx_37_44,37,train,,lighting,best,False,300,46.57643346209079,,,40261
S,Sx_37_44_combined,Sx_37_44,37,train,,combined,native,False,300,51.46807668637484,,,40261
S,Sx_37_44_combined,Sx_37_44,37,train,,combined,best,True,105,24.158543035387993,,,40261
H,Hx_03_22_target0_visible,Hx_03_22,27,test,orange_juice_1,visible,native,True,5,8.619737221859396,-0.012245336417470026,0,30239
H,Hx_03_22_target0_visible,Hx_03_22,27,test,orange_juice_1,visible,best,True,5,8.592134445905685,-0.006602784962320779,0,30239
H,Hx_03_22_target0_hidden,Hx_03_22,27,test,orange_juice_1,hidden,native,False,5,8.372327379882336,0.0005430156133438002,0,30239
H,Hx_03_22_target0_hidden,Hx_03_22,27,test,orange_juice_1,hidden,best,True,5,8.661261543631554,-0.007921401090837707,0,30239
H,Hx_03_22_target1_visible,Hx_03_22,27,test,orange_juice_1,visible,native,True,5,8.657441490329802,0.008090003850144925,1,30239
H,Hx_03_22_target1_visible,Hx_03_22,27,test,orange_juice_1,visible,best,True,5,8.512627409771085,0.010594509229427077,1,30239
H,Hx_03_22_target1_hidden,Hx_03_22,27,test,orange_juice_1,hidden,native,False,5,8.286548785865307,0.0005430156133438002,1,30239
H,Hx_03_22_target1_hidden,Hx_03_22,27,test,orange_juice_1,hidden,best,True,5,8.69282980170101,0.011557052864202735,1,30239
H,Hx_03_26_target0_visible,Hx_03_26,27,test,orange_juice_1,visible,native,True,5,8.43058573640883,-0.014542046690385849,0,30243
H,Hx_03_26_target0_visible,Hx_03_26,27,test,orange_juice_1,visible,best,True,5,8.51978581212461,-0.013729532282885204,0,30243
H,Hx_03_26_target0_hidden,Hx_03_26,27,test,orange_juice_1,hidden,native,False,5,8.512165035121143,8.720216114695145e-05,0,30243
H,Hx_03_26_target0_hidden,Hx_03_26,27,test,orange_juice_1,hidden,best,True,5,8.58244464918971,-0.011683227920232325,0,30243
H,Hx_03_26_target1_visible,Hx_03_26,27,test,orange_juice_1,visible,native,True,5,8.519544555805624,0.008376506452874855,1,30243
H,Hx_03_26_target1_visible,Hx_03_26,27,test,orange_juice_1,visible,best,True,5,8.52608331758529,0.008894318078761274,1,30243
H,Hx_03_26_target1_hidden,Hx_03_26,27,test,orange_juice_1,hidden,native,False,5,8.256237636320293,8.720216114695145e-05,1,30243
H,Hx_03_26_target1_hidden,Hx_03_26,27,test,orange_juice_1,hidden,best,True,5,8.546702345833182,0.009132738002376961,1,30243
H,Hx_03_44_target0_visible,Hx_03_44,27,test,orange_juice_1,visible,native,True,5,8.40164752304554,-0.016488900882589308,0,30261
H,Hx_03_44_target0_visible,Hx_03_44,27,test,orange_juice_1,visible,best,True,5,8.560579233802855,-0.019803739314940325,0,30261
H,Hx_03_44_target0_hidden,Hx_03_44,27,test,orange_juice_1,hidden,native,False,5,8.245586368255317,-0.0005600964236964906,0,30261
H,Hx_03_44_target0_hidden,Hx_03_44,27,test,orange_juice_1,hidden,best,True,5,8.506982824765146,-0.01576365679933253,0,30261
H,Hx_03_44_target1_visible,Hx_03_44,27,test,orange_juice_1,visible,native,True,5,8.403658677823842,0.010062747161946356,1,30261
H,Hx_03_44_target1_visible,Hx_03_44,27,test,orange_juice_1,visible,best,True,5,8.544032032601535,0.008735505222697337,1,30261
H,Hx_03_44_target1_hidden,Hx_03_44,27,test,orange_juice_1,hidden,native,False,5,8.369991345331073,-0.0005600964236964906,1,30261
H,Hx_03_44_target1_hidden,Hx_03_44,27,test,orange_juice_1,hidden,best,True,5,8.639870080165565,0.00832766110795724,1,30261
S,Sx_03_22_normal,Sx_03_22,3,test,,normal,native,True,380,46.2005895441398,,,6239
S,Sx_03_22_normal,Sx_03_22,3,test,,normal,best,True,400,89.6737911067903,,,6239
S,Sx_03_22_camera,Sx_03_22,3,test,,camera,native,False,500,58.97167708259076,,,6239
S,Sx_03_22_camera,Sx_03_22,3,test,,camera,best,False,500,92.5012445691973,,,6239
S,Sx_03_22_lighting,Sx_03_22,3,test,,lighting,native,False,500,58.869895093142986,,,6239
S,Sx_03_22_lighting,Sx_03_22,3,test,,lighting,best,True,395,61.93625684361905,,,6239
S,Sx_03_22_combined,Sx_03_22,3,test,,combined,native,False,500,58.491236886009574,,,6239
S,Sx_03_22_combined,Sx_03_22,3,test,,combined,best,True,415,110.86451076250523,,,6239
S,Sx_03_26_normal,Sx_03_26,3,test,,normal,native,True,430,51.08188540395349,,,6243
S,Sx_03_26_normal,Sx_03_26,3,test,,normal,best,True,345,57.15571332536638,,,6243
S,Sx_03_26_camera,Sx_03_26,3,test,,camera,native,True,365,44.542607402428985,,,6243
S,Sx_03_26_camera,Sx_03_26,3,test,,camera,best,True,345,75.41741078905761,,,6243
S,Sx_03_26_lighting,Sx_03_26,3,test,,lighting,native,False,500,58.408567984588444,,,6243
S,Sx_03_26_lighting,Sx_03_26,3,test,,lighting,best,True,370,84.39881083276123,,,6243
S,Sx_03_26_combined,Sx_03_26,3,test,,combined,native,True,355,43.3576495340094,,,6243
S,Sx_03_26_combined,Sx_03_26,3,test,,combined,best,True,360,81.44293684512377,,,6243
S,Sx_03_34_normal,Sx_03_34,3,test,,normal,native,True,435,51.27476430591196,,,6251
S,Sx_03_34_normal,Sx_03_34,3,test,,normal,best,False,500,113.1030429136008,,,6251
S,Sx_03_34_camera,Sx_03_34,3,test,,camera,native,False,500,58.580104359425604,,,6251
S,Sx_03_34_camera,Sx_03_34,3,test,,camera,best,True,400,93.61625045817345,,,6251
S,Sx_03_34_lighting,Sx_03_34,3,test,,lighting,native,True,360,43.87364272400737,,,6251
S,Sx_03_34_lighting,Sx_03_34,3,test,,lighting,best,True,375,86.92487270757556,,,6251
S,Sx_03_34_combined,Sx_03_34,3,test,,combined,native,False,500,58.459931404329836,,,6251
S,Sx_03_34_combined,Sx_03_34,3,test,,combined,best,True,400,94.69378307554871,,,6251
S,Sx_03_44_normal,Sx_03_44,3,test,,normal,native,False,500,59.245820607058704,,,6261
S,Sx_03_44_normal,Sx_03_44,3,test,,normal,best,True,410,92.13563648238778,,,6261
S,Sx_03_44_camera,Sx_03_44,3,test,,camera,native,False,500,59.260480454191566,,,6261
S,Sx_03_44_camera,Sx_03_44,3,test,,camera,best,False,500,109.16540114488453,,,6261
S,Sx_03_44_lighting,Sx_03_44,3,test,,lighting,native,False,500,62.43572801630944,,,6261
S,Sx_03_44_lighting,Sx_03_44,3,test,,lighting,best,True,370,82.90086978580803,,,6261
S,Sx_03_44_combined,Sx_03_44,3,test,,combined,native,False,500,59.153415714390576,,,6261
S,Sx_03_44_combined,Sx_03_44,3,test,,combined,best,False,500,108.56033705174923,,,6261
S,Sx_08_22_normal,Sx_08_22,8,train,,normal,native,False,500,62.22847533877939,,,11239
S,Sx_08_22_normal,Sx_08_22,8,train,,normal,best,True,250,62.095726947300136,,,11239
S,Sx_08_22_camera,Sx_08_22,8,train,,camera,native,True,220,32.3663913346827,,,11239
S,Sx_08_22_camera,Sx_08_22,8,train,,camera,best,True,245,61.51398169435561,,,11239
S,Sx_08_22_lighting,Sx_08_22,8,train,,lighting,native,True,245,35.71274207625538,,,11239
S,Sx_08_22_lighting,Sx_08_22,8,train,,lighting,best,True,250,63.38358639739454,,,11239
S,Sx_08_22_combined,Sx_08_22,8,train,,combined,native,True,240,35.144567891955376,,,11239
S,Sx_08_22_combined,Sx_08_22,8,train,,combined,best,True,260,65.1915960824117,,,11239
S,Sx_08_26_normal,Sx_08_26,8,train,,normal,native,True,335,45.224733017385006,,,11243
S,Sx_08_26_normal,Sx_08_26,8,train,,normal,best,True,235,59.130661682225764,,,11243
S,Sx_08_26_camera,Sx_08_26,8,train,,camera,native,False,500,63.01064842566848,,,11243
S,Sx_08_26_camera,Sx_08_26,8,train,,camera,best,False,500,115.11525248363614,,,11243
S,Sx_08_26_lighting,Sx_08_26,8,train,,lighting,native,False,500,62.34539805352688,,,11243
S,Sx_08_26_lighting,Sx_08_26,8,train,,lighting,best,True,255,61.79088619723916,,,11243
S,Sx_08_26_combined,Sx_08_26,8,train,,combined,native,False,500,62.78711159620434,,,11243
S,Sx_08_26_combined,Sx_08_26,8,train,,combined,best,False,500,118.22617190238088,,,11243
S,Sx_08_34_normal,Sx_08_34,8,train,,normal,native,True,335,45.17630564235151,,,11251
S,Sx_08_34_normal,Sx_08_34,8,train,,normal,best,True,245,59.459881994873285,,,11251
S,Sx_08_34_camera,Sx_08_34,8,train,,camera,native,False,500,62.693728105165064,,,11251
S,Sx_08_34_camera,Sx_08_34,8,train,,camera,best,False,500,117.14919747691602,,,11251
S,Sx_08_34_lighting,Sx_08_34,8,train,,lighting,native,True,240,35.082711453549564,,,11251
S,Sx_08_34_lighting,Sx_08_34,8,train,,lighting,best,True,215,52.91024507768452,,,11251
S,Sx_08_34_combined,Sx_08_34,8,train,,combined,native,True,235,34.35889417305589,,,11251
S,Sx_08_34_combined,Sx_08_34,8,train,,combined,best,True,310,74.88085725065321,,,11251
S,Sx_08_44_normal,Sx_08_44,8,train,,normal,native,True,205,31.32431788276881,,,11261
S,Sx_08_44_normal,Sx_08_44,8,train,,normal,best,True,210,51.88318190071732,,,11261
S,Sx_08_44_camera,Sx_08_44,8,train,,camera,native,False,500,62.80298071913421,,,11261
S,Sx_08_44_camera,Sx_08_44,8,train,,camera,best,True,280,68.2069934438914,,,11261
S,Sx_08_44_lighting,Sx_08_44,8,train,,lighting,native,True,205,30.72715407796204,,,11261
S,Sx_08_44_lighting,Sx_08_44,8,train,,lighting,best,True,210,52.67651413101703,,,11261
S,Sx_08_44_combined,Sx_08_44,8,train,,combined,native,False,500,62.96464172564447,,,11261
S,Sx_08_44_combined,Sx_08_44,8,train,,combined,best,True,235,60.468964762985706,,,11261
S,Sx_13_22_normal,Sx_13_22,13,train,,normal,native,True,75,15.485034764744341,,,16239
S,Sx_13_22_normal,Sx_13_22,13,train,,normal,best,True,80,23.905651164241135,,,16239
S,Sx_13_22_camera,Sx_13_22,13,train,,camera,native,True,75,15.428287895396352,,,16239
S,Sx_13_22_camera,Sx_13_22,13,train,,camera,best,True,100,28.036278855986893,,,16239
S,Sx_13_22_lighting,Sx_13_22,13,train,,lighting,native,True,75,15.567245367914438,,,16239
S,Sx_13_22_lighting,Sx_13_22,13,train,,lighting,best,True,90,26.1730485400185,,,16239
S,Sx_13_22_combined,Sx_13_22,13,train,,combined,native,True,80,15.979553079232574,,,16239
S,Sx_13_22_combined,Sx_13_22,13,train,,combined,best,True,95,27.542585629969835,,,16239
S,Sx_13_26_normal,Sx_13_26,13,train,,normal,native,True,80,15.832250335253775,,,16243
S,Sx_13_26_normal,Sx_13_26,13,train,,normal,best,True,95,27.788824061863124,,,16243
S,Sx_13_26_camera,Sx_13_26,13,train,,camera,native,True,85,16.478118071332574,,,16243
S,Sx_13_26_camera,Sx_13_26,13,train,,camera,best,True,110,30.79437731578946,,,16243
S,Sx_13_26_lighting,Sx_13_26,13,train,,lighting,native,True,75,15.151593544520438,,,16243
S,Sx_13_26_lighting,Sx_13_26,13,train,,lighting,best,True,95,27.984406173229218,,,16243
S,Sx_13_26_combined,Sx_13_26,13,train,,combined,native,True,90,17.106939139775932,,,16243
S,Sx_13_26_combined,Sx_13_26,13,train,,combined,best,True,110,31.255807880312204,,,16243
S,Sx_13_34_normal,Sx_13_34,13,train,,normal,native,True,75,15.67110616248101,,,16251
S,Sx_13_34_normal,Sx_13_34,13,train,,normal,best,True,75,23.42566072382033,,,16251
S,Sx_13_34_camera,Sx_13_34,13,train,,camera,native,True,75,15.52615796867758,,,16251
S,Sx_13_34_camera,Sx_13_34,13,train,,camera,best,True,75,23.84867342468351,,,16251
S,Sx_13_34_lighting,Sx_13_34,13,train,,lighting,native,True,75,15.35655947867781,,,16251
S,Sx_13_34_lighting,Sx_13_34,13,train,,lighting,best,True,75,23.82458821311593,,,16251
S,Sx_13_34_combined,Sx_13_34,13,train,,combined,native,True,75,15.39698373619467,,,16251
S,Sx_13_34_combined,Sx_13_34,13,train,,combined,best,True,80,24.920401534996927,,,16251
S,Sx_13_44_normal,Sx_13_44,13,train,,normal,native,True,70,14.82637897785753,,,16261
S,Sx_13_44_normal,Sx_13_44,13,train,,normal,best,True,85,25.946042930707335,,,16261
S,Sx_13_44_camera,Sx_13_44,13,train,,camera,native,True,90,17.181904522702098,,,16261
S,Sx_13_44_camera,Sx_13_44,13,train,,camera,best,True,100,29.250800910405815,,,16261
S,Sx_13_44_lighting,Sx_13_44,13,train,,lighting,native,True,75,15.39476748649031,,,16261
S,Sx_13_44_lighting,Sx_13_44,13,train,,lighting,best,True,85,25.9361511785537,,,16261
S,Sx_13_44_combined,Sx_13_44,13,train,,combined,native,True,90,17.144056259654462,,,16261
S,Sx_13_44_combined,Sx_13_44,13,train,,combined,best,True,100,29.226987013593316,,,16261
S,Sx_18_22_normal,Sx_18_22,18,train,,normal,native,True,80,15.953714047558606,,,21239
S,Sx_18_22_normal,Sx_18_22,18,train,,normal,best,True,105,30.651060324162245,,,21239
S,Sx_18_22_camera,Sx_18_22,18,train,,camera,native,True,80,16.0036533921957,,,21239
S,Sx_18_22_camera,Sx_18_22,18,train,,camera,best,True,85,27.46351250074804,,,21239
S,Sx_18_22_lighting,Sx_18_22,18,train,,lighting,native,True,85,16.460833709686995,,,21239
S,Sx_18_22_lighting,Sx_18_22,18,train,,lighting,best,True,100,30.319199859164655,,,21239
S,Sx_18_22_combined,Sx_18_22,18,train,,combined,native,True,80,15.980955372564495,,,21239
S,Sx_18_22_combined,Sx_18_22,18,train,,combined,best,True,85,26.426582695916295,,,21239
S,Sx_18_26_normal,Sx_18_26,18,train,,normal,native,True,85,16.56572299543768,,,21243
S,Sx_18_26_normal,Sx_18_26,18,train,,normal,best,True,105,30.282328367233276,,,21243
S,Sx_18_26_camera,Sx_18_26,18,train,,camera,native,True,85,16.537021760828793,,,21243
S,Sx_18_26_camera,Sx_18_26,18,train,,camera,best,True,75,23.69994500093162,,,21243
S,Sx_18_26_lighting,Sx_18_26,18,train,,lighting,native,True,80,15.91177054028958,,,21243
S,Sx_18_26_lighting,Sx_18_26,18,train,,lighting,best,True,110,31.92000771034509,,,21243
S,Sx_18_26_combined,Sx_18_26,18,train,,combined,native,True,85,16.5198544729501,,,21243
S,Sx_18_26_combined,Sx_18_26,18,train,,combined,best,True,75,24.771096783690155,,,21243
S,Sx_18_34_normal,Sx_18_34,18,train,,normal,native,True,90,17.32822156418115,,,21251
S,Sx_18_34_normal,Sx_18_34,18,train,,normal,best,True,95,27.968456105329096,,,21251
S,Sx_18_34_camera,Sx_18_34,18,train,,camera,native,True,85,16.43194564152509,,,21251
S,Sx_18_34_camera,Sx_18_34,18,train,,camera,best,True,95,28.007398657500744,,,21251
S,Sx_18_34_lighting,Sx_18_34,18,train,,lighting,native,True,90,17.034144662320614,,,21251
S,Sx_18_34_lighting,Sx_18_34,18,train,,lighting,best,True,95,28.315556046552956,,,21251
S,Sx_18_34_combined,Sx_18_34,18,train,,combined,native,True,160,24.69888138025999,,,21251
S,Sx_18_34_combined,Sx_18_34,18,train,,combined,best,True,95,28.275528267025948,,,21251
S,Sx_18_44_normal,Sx_18_44,18,train,,normal,native,True,80,16.03738426603377,,,21261
S,Sx_18_44_normal,Sx_18_44,18,train,,normal,best,True,85,26.23827911168337,,,21261
S,Sx_18_44_camera,Sx_18_44,18,train,,camera,native,True,80,15.923385862261057,,,21261
S,Sx_18_44_camera,Sx_18_44,18,train,,camera,best,True,90,28.24281512480229,,,21261
S,Sx_18_44_lighting,Sx_18_44,18,train,,lighting,native,True,80,15.998618172481656,,,21261
S,Sx_18_44_lighting,Sx_18_44,18,train,,lighting,best,True,85,26.369463867507875,,,21261
S,Sx_18_44_combined,Sx_18_44,18,train,,combined,native,True,160,24.58852088265121,,,21261
S,Sx_18_44_combined,Sx_18_44,18,train,,combined,best,True,90,27.518111160025,,,21261
S,Sx_23_22_normal,Sx_23_22,23,train,,normal,native,True,145,23.169297286309302,,,26239
S,Sx_23_22_normal,Sx_23_22,23,train,,normal,best,True,145,38.388095600530505,,,26239
S,Sx_23_22_camera,Sx_23_22,23,train,,camera,native,True,195,28.260773703455925,,,26239
S,Sx_23_22_camera,Sx_23_22,23,train,,camera,best,True,140,36.792817464098334,,,26239
S,Sx_23_22_lighting,Sx_23_22,23,train,,lighting,native,True,190,27.64657260943204,,,26239
S,Sx_23_22_lighting,Sx_23_22,23,train,,lighting,best,True,150,38.68002958409488,,,26239
S,Sx_23_22_combined,Sx_23_22,23,train,,combined,native,True,150,23.269906405359507,,,26239
S,Sx_23_22_combined,Sx_23_22,23,train,,combined,best,True,140,36.210259328596294,,,26239
S,Sx_23_26_normal,Sx_23_26,23,train,,normal,native,True,145,23.009119240567088,,,26243
S,Sx_23_26_normal,Sx_23_26,23,train,,normal,best,True,145,37.768689409829676,,,26243
S,Sx_23_26_camera,Sx_23_26,23,train,,camera,native,True,140,22.185359223745763,,,26243
S,Sx_23_26_camera,Sx_23_26,23,train,,camera,best,True,150,40.1018097018823,,,26243
S,Sx_23_26_lighting,Sx_23_26,23,train,,lighting,native,True,145,22.70216398127377,,,26243
S,Sx_23_26_lighting,Sx_23_26,23,train,,lighting,best,True,155,41.26288856193423,,,26243
S,Sx_23_26_combined,Sx_23_26,23,train,,combined,native,True,140,22.277917857281864,,,26243
S,Sx_23_26_combined,Sx_23_26,23,train,,combined,best,True,145,38.63387664128095,,,26243
S,Sx_23_34_normal,Sx_23_34,23,train,,normal,native,True,135,21.74989245645702,,,26251
S,Sx_23_34_normal,Sx_23_34,23,train,,normal,best,True,160,41.9950939277187,,,26251
S,Sx_23_34_camera,Sx_23_34,23,train,,camera,native,True,180,26.366045769304037,,,26251
S,Sx_23_34_camera,Sx_23_34,23,train,,camera,best,True,150,39.36468758992851,,,26251
S,Sx_23_34_lighting,Sx_23_34,23,train,,lighting,native,True,140,23.046335763297975,,,26251
S,Sx_23_34_lighting,Sx_23_34,23,train,,lighting,best,True,160,42.0504384720698,,,26251
S,Sx_23_34_combined,Sx_23_34,23,train,,combined,native,True,170,25.584963812492788,,,26251
S,Sx_23_34_combined,Sx_23_34,23,train,,combined,best,True,150,40.126425391063094,,,26251
S,Sx_23_44_normal,Sx_23_44,23,train,,normal,native,True,145,22.855578349903226,,,26261
S,Sx_23_44_normal,Sx_23_44,23,train,,normal,best,True,150,39.508271559141576,,,26261
S,Sx_23_44_camera,Sx_23_44,23,train,,camera,native,True,135,21.714236984960735,,,26261
S,Sx_23_44_camera,Sx_23_44,23,train,,camera,best,True,150,40.140597043558955,,,26261
S,Sx_23_44_lighting,Sx_23_44,23,train,,lighting,native,True,140,22.264001281000674,,,26261
S,Sx_23_44_lighting,Sx_23_44,23,train,,lighting,best,True,145,38.630977905355394,,,26261
S,Sx_23_44_combined,Sx_23_44,23,train,,combined,native,True,150,23.424809056334198,,,26261
S,Sx_23_44_combined,Sx_23_44,23,train,,combined,best,True,150,40.620878611691296,,,26261
S,Sx_28_22_normal,Sx_28_22,28,train,,normal,native,True,115,19.768424834124744,,,31239
S,Sx_28_22_normal,Sx_28_22,28,train,,normal,best,True,115,32.471763636916876,,,31239
S,Sx_28_22_camera,Sx_28_22,28,train,,camera,native,True,175,26.401607234030962,,,31239
S,Sx_28_22_camera,Sx_28_22,28,train,,camera,best,True,165,41.66839522495866,,,31239
S,Sx_28_22_lighting,Sx_28_22,28,train,,lighting,native,True,115,19.668798464350402,,,31239
S,Sx_28_22_lighting,Sx_28_22,28,train,,lighting,best,True,115,30.179740123450756,,,31239
S,Sx_28_22_combined,Sx_28_22,28,train,,combined,native,True,180,26.685477600432932,,,31239
S,Sx_28_22_combined,Sx_28_22,28,train,,combined,best,True,160,39.60275616403669,,,31239
S,Sx_28_26_normal,Sx_28_26,28,train,,normal,native,True,100,18.10521036852151,,,31243
S,Sx_28_26_normal,Sx_28_26,28,train,,normal,best,True,130,35.05558008980006,,,31243
S,Sx_28_26_camera,Sx_28_26,28,train,,camera,native,True,210,30.095453195273876,,,31243
S,Sx_28_26_camera,Sx_28_26,28,train,,camera,best,True,210,52.1598068671301,,,31243
S,Sx_28_26_lighting,Sx_28_26,28,train,,lighting,native,True,105,18.961208552122116,,,31243
S,Sx_28_26_lighting,Sx_28_26,28,train,,lighting,best,True,120,33.30506735946983,,,31243
S,Sx_28_26_combined,Sx_28_26,28,train,,combined,native,False,300,40.060292014852166,,,31243
S,Sx_28_26_combined,Sx_28_26,28,train,,combined,best,True,210,52.62978181988001,,,31243
S,Sx_28_34_normal,Sx_28_34,28,train,,normal,native,True,110,19.147258731536567,,,31251
S,Sx_28_34_normal,Sx_28_34,28,train,,normal,best,True,120,34.87943066563457,,,31251
S,Sx_28_34_camera,Sx_28_34,28,train,,camera,native,False,300,39.791501907631755,,,31251
S,Sx_28_34_camera,Sx_28_34,28,train,,camera,best,True,110,30.41689823474735,,,31251
S,Sx_28_34_lighting,Sx_28_34,28,train,,lighting,native,True,110,19.078929754905403,,,31251
S,Sx_28_34_lighting,Sx_28_34,28,train,,lighting,best,True,115,31.741260662674904,,,31251
S,Sx_28_34_combined,Sx_28_34,28,train,,combined,native,True,225,31.630078009329736,,,31251
S,Sx_28_34_combined,Sx_28_34,28,train,,combined,best,True,110,29.69100998993963,,,31251
S,Sx_28_44_normal,Sx_28_44,28,train,,normal,native,True,110,19.194472923874855,,,31261
S,Sx_28_44_normal,Sx_28_44,28,train,,normal,best,True,115,31.27936790883541,,,31261
S,Sx_28_44_camera,Sx_28_44,28,train,,camera,native,False,300,39.815876903012395,,,31261
S,Sx_28_44_camera,Sx_28_44,28,train,,camera,best,True,160,43.43091496732086,,,31261
S,Sx_28_44_lighting,Sx_28_44,28,train,,lighting,native,True,110,19.105904081836343,,,31261
S,Sx_28_44_lighting,Sx_28_44,28,train,,lighting,best,True,110,32.04221223387867,,,31261
S,Sx_28_44_combined,Sx_28_44,28,train,,combined,native,True,230,32.20812737569213,,,31261
S,Sx_28_44_combined,Sx_28_44,28,train,,combined,best,True,170,46.60409000888467,,,31261
S,Sx_33_22_normal,Sx_33_22,33,train,,normal,native,True,110,21.321322510018945,,,36239
S,Sx_33_22_normal,Sx_33_22,33,train,,normal,best,True,100,31.410641028545797,,,36239
S,Sx_33_22_camera,Sx_33_22,33,train,,camera,native,True,120,22.436898133717477,,,36239
S,Sx_33_22_camera,Sx_33_22,33,train,,camera,best,True,120,35.06376147828996,,,36239
S,Sx_33_22_lighting,Sx_33_22,33,train,,lighting,native,True,105,20.95412925630808,,,36239
S,Sx_33_22_lighting,Sx_33_22,33,train,,lighting,best,True,105,30.77473681792617,,,36239
S,Sx_33_22_combined,Sx_33_22,33,train,,combined,native,True,115,21.81465354282409,,,36239
S,Sx_33_22_combined,Sx_33_22,33,train,,combined,best,True,115,33.528013727627695,,,36239
S,Sx_33_26_normal,Sx_33_26,33,train,,normal,native,True,115,21.783627633936703,,,36243
S,Sx_33_26_normal,Sx_33_26,33,train,,normal,best,True,110,32.614273552782834,,,36243
S,Sx_33_26_camera,Sx_33_26,33,train,,camera,native,True,110,21.20364908501506,,,36243
S,Sx_33_26_camera,Sx_33_26,33,train,,camera,best,True,120,34.50936079118401,,,36243
S,Sx_33_26_lighting,Sx_33_26,33,train,,lighting,native,True,115,22.000806312076747,,,36243
S,Sx_33_26_lighting,Sx_33_26,33,train,,lighting,best,True,110,32.24509861133993,,,36243
S,Sx_33_26_combined,Sx_33_26,33,train,,combined,native,True,110,21.31420581508428,,,36243
S,Sx_33_26_combined,Sx_33_26,33,train,,combined,best,True,115,33.38600639440119,,,36243
S,Sx_33_34_normal,Sx_33_34,33,train,,normal,native,True,115,21.781324189156294,,,36251
S,Sx_33_34_normal,Sx_33_34,33,train,,normal,best,True,105,31.21723118238151,,,36251
S,Sx_33_34_camera,Sx_33_34,33,train,,camera,native,True,120,22.375507406890392,,,36251
S,Sx_33_34_camera,Sx_33_34,33,train,,camera,best,True,130,36.15968219935894,,,36251
S,Sx_33_34_lighting,Sx_33_34,33,train,,lighting,native,True,110,21.22905849572271,,,36251
S,Sx_33_34_lighting,Sx_33_34,33,train,,lighting,best,True,100,29.79037186689675,,,36251
S,Sx_33_34_combined,Sx_33_34,33,train,,combined,native,True,120,22.44633772224188,,,36251
S,Sx_33_34_combined,Sx_33_34,33,train,,combined,best,True,130,34.88308254722506,,,36251
S,Sx_33_44_normal,Sx_33_44,33,train,,normal,native,True,100,20.398901807144284,,,36261
S,Sx_33_44_normal,Sx_33_44,33,train,,normal,best,True,100,29.100294386968017,,,36261
S,Sx_33_44_camera,Sx_33_44,33,train,,camera,native,True,105,20.967520399019122,,,36261
S,Sx_33_44_camera,Sx_33_44,33,train,,camera,best,True,105,31.50203435216099,,,36261
S,Sx_33_44_lighting,Sx_33_44,33,train,,lighting,native,True,100,20.1807255204767,,,36261
S,Sx_33_44_lighting,Sx_33_44,33,train,,lighting,best,True,100,31.167053035460413,,,36261
S,Sx_33_44_combined,Sx_33_44,33,train,,combined,native,True,105,20.54658328462392,,,36261
S,Sx_33_44_combined,Sx_33_44,33,train,,combined,best,True,160,44.930474596098065,,,36261
S,Sx_38_22_normal,Sx_38_22,38,train,,normal,native,True,110,21.112770131789148,,,41239
S,Sx_38_22_normal,Sx_38_22,38,train,,normal,best,True,120,35.46188930608332,,,41239
S,Sx_38_22_camera,Sx_38_22,38,train,,camera,native,True,110,21.266420579515398,,,41239
S,Sx_38_22_camera,Sx_38_22,38,train,,camera,best,True,120,35.16465641371906,,,41239
S,Sx_38_22_lighting,Sx_38_22,38,train,,lighting,native,True,115,21.8020551353693,,,41239
S,Sx_38_22_lighting,Sx_38_22,38,train,,lighting,best,True,190,51.52655331045389,,,41239
S,Sx_38_22_combined,Sx_38_22,38,train,,combined,native,True,110,21.407754805870354,,,41239
S,Sx_38_22_combined,Sx_38_22,38,train,,combined,best,True,120,35.15079913754016,,,41239
S,Sx_38_26_normal,Sx_38_26,38,train,,normal,native,True,125,22.971539196558297,,,41243
S,Sx_38_26_normal,Sx_38_26,38,train,,normal,best,True,125,36.05368925631046,,,41243
S,Sx_38_26_camera,Sx_38_26,38,train,,camera,native,True,110,21.068884341977537,,,41243
S,Sx_38_26_camera,Sx_38_26,38,train,,camera,best,True,175,47.10631890408695,,,41243
S,Sx_38_26_lighting,Sx_38_26,38,train,,lighting,native,True,125,22.8841632315889,,,41243
S,Sx_38_26_lighting,Sx_38_26,38,train,,lighting,best,True,125,35.79188043065369,,,41243
S,Sx_38_26_combined,Sx_38_26,38,train,,combined,native,True,115,21.849922532215714,,,41243
S,Sx_38_26_combined,Sx_38_26,38,train,,combined,best,True,175,46.74698747973889,,,41243
S,Sx_38_34_normal,Sx_38_34,38,train,,normal,native,True,115,21.95444745477289,,,41251
S,Sx_38_34_normal,Sx_38_34,38,train,,normal,best,True,120,35.28305521141738,,,41251
S,Sx_38_34_camera,Sx_38_34,38,train,,camera,native,True,120,22.446465199813247,,,41251
S,Sx_38_34_camera,Sx_38_34,38,train,,camera,best,True,120,35.627763560041785,,,41251
S,Sx_38_34_lighting,Sx_38_34,38,train,,lighting,native,True,115,22.10986358858645,,,41251
S,Sx_38_34_lighting,Sx_38_34,38,train,,lighting,best,True,150,42.301275172270834,,,41251
S,Sx_38_34_combined,Sx_38_34,38,train,,combined,native,True,120,22.72917282395065,,,41251
S,Sx_38_34_combined,Sx_38_34,38,train,,combined,best,True,120,34.79235469456762,,,41251
S,Sx_38_44_normal,Sx_38_44,38,train,,normal,native,True,105,20.82209610659629,,,41261
S,Sx_38_44_normal,Sx_38_44,38,train,,normal,best,True,115,34.86050742305815,,,41261
S,Sx_38_44_camera,Sx_38_44,38,train,,camera,native,True,115,22.440134301781654,,,41261
S,Sx_38_44_camera,Sx_38_44,38,train,,camera,best,True,115,33.11786413937807,,,41261
S,Sx_38_44_lighting,Sx_38_44,38,train,,lighting,native,True,105,21.171210031956434,,,41261
S,Sx_38_44_lighting,Sx_38_44,38,train,,lighting,best,True,115,33.574374116025865,,,41261
S,Sx_38_44_combined,Sx_38_44,38,train,,combined,native,True,115,25.907529579475522,,,41261
S,Sx_38_44_combined,Sx_38_44,38,train,,combined,best,True,115,33.940211022272706,,,41261
P,Px_04_22_normal,Px_04_22,24,validation,cream_cheese_1,normal,native,True,170,25.251148864626884,,,27239
P,Px_04_22_normal,Px_04_22,24,validation,cream_cheese_1,normal,best,True,125,24.50581836514175,,,27239
P,Px_04_22_minus_y,Px_04_22,24,validation,cream_cheese_1,minus_y,native,True,125,20.344439228065312,,,27239
P,Px_04_22_minus_y,Px_04_22,24,validation,cream_cheese_1,minus_y,best,True,125,24.65837236214429,,,27239
P,Px_04_22_plus_y,Px_04_22,24,validation,cream_cheese_1,plus_y,native,True,120,19.899422513321042,,,27239
P,Px_04_22_plus_y,Px_04_22,24,validation,cream_cheese_1,plus_y,best,True,135,25.900519967079163,,,27239
P,Px_04_26_normal,Px_04_26,24,validation,cream_cheese_1,normal,native,True,125,20.1152845621109,,,27243
P,Px_04_26_normal,Px_04_26,24,validation,cream_cheese_1,normal,best,True,165,30.008250349201262,,,27243
P,Px_04_26_minus_y,Px_04_26,24,validation,cream_cheese_1,minus_y,native,True,300,38.24065332394093,,,27243
P,Px_04_26_minus_y,Px_04_26,24,validation,cream_cheese_1,minus_y,best,True,150,28.111435095779598,,,27243
P,Px_04_26_plus_y,Px_04_26,24,validation,cream_cheese_1,plus_y,native,True,115,19.22514757234603,,,27243
P,Px_04_26_plus_y,Px_04_26,24,validation,cream_cheese_1,plus_y,best,True,150,27.982944219373167,,,27243
P,Px_04_34_normal,Px_04_34,24,validation,cream_cheese_1,normal,native,True,170,24.709278205409646,,,27251
P,Px_04_34_normal,Px_04_34,24,validation,cream_cheese_1,normal,best,True,155,28.731644259765744,,,27251
P,Px_04_34_minus_y,Px_04_34,24,validation,cream_cheese_1,minus_y,native,True,125,20.177666411735117,,,27251
P,Px_04_34_minus_y,Px_04_34,24,validation,cream_cheese_1,minus_y,best,True,125,24.518283168785274,,,27251
P,Px_04_34_plus_y,Px_04_34,24,validation,cream_cheese_1,plus_y,native,True,115,19.5426116399467,,,27251
P,Px_04_34_plus_y,Px_04_34,24,validation,cream_cheese_1,plus_y,best,True,130,25.186318408697844,,,27251
P,Px_04_44_normal,Px_04_44,24,validation,cream_cheese_1,normal,native,True,110,18.59685971494764,,,27261
P,Px_04_44_normal,Px_04_44,24,validation,cream_cheese_1,normal,best,True,130,25.09663108550012,,,27261
P,Px_04_44_minus_y,Px_04_44,24,validation,cream_cheese_1,minus_y,native,True,155,23.42982651758939,,,27261
P,Px_04_44_minus_y,Px_04_44,24,validation,cream_cheese_1,minus_y,best,True,140,26.646229836158454,,,27261
P,Px_04_44_plus_y,Px_04_44,24,validation,cream_cheese_1,plus_y,native,True,140,22.071822395548224,,,27261
P,Px_04_44_plus_y,Px_04_44,24,validation,cream_cheese_1,plus_y,best,True,140,26.485324035398662,,,27261
S,Sx_04_22_normal,Sx_04_22,4,train,,normal,native,True,235,32.35840116906911,,,7239
S,Sx_04_22_normal,Sx_04_22,4,train,,normal,best,True,250,44.50482025463134,,,7239
S,Sx_04_22_camera,Sx_04_22,4,train,,camera,native,False,500,58.98846862278879,,,7239
S,Sx_04_22_camera,Sx_04_22,4,train,,camera,best,True,450,97.87678328529,,,7239
S,Sx_04_22_lighting,Sx_04_22,4,train,,lighting,native,True,235,31.74664133787155,,,7239
S,Sx_04_22_lighting,Sx_04_22,4,train,,lighting,best,True,245,64.5412990981713,,,7239
S,Sx_04_22_combined,Sx_04_22,4,train,,combined,native,False,500,58.80615384783596,,,7239
S,Sx_04_22_combined,Sx_04_22,4,train,,combined,best,False,500,78.58072376530617,,,7239
S,Sx_04_26_normal,Sx_04_26,4,train,,normal,native,True,255,33.73182303272188,,,7243
S,Sx_04_26_normal,Sx_04_26,4,train,,normal,best,True,260,43.985633067786694,,,7243
S,Sx_04_26_camera,Sx_04_26,4,train,,camera,native,True,245,32.80989051423967,,,7243
S,Sx_04_26_camera,Sx_04_26,4,train,,camera,best,True,295,106.05638391990215,,,7243
S,Sx_04_26_lighting,Sx_04_26,4,train,,lighting,native,True,245,32.795338816940784,,,7243
S,Sx_04_26_lighting,Sx_04_26,4,train,,lighting,best,True,260,44.3014329848811,,,7243
S,Sx_04_26_combined,Sx_04_26,4,train,,combined,native,True,235,32.14821728412062,,,7243
S,Sx_04_26_combined,Sx_04_26,4,train,,combined,best,True,265,62.056834034621716,,,7243
S,Sx_04_34_normal,Sx_04_34,4,train,,normal,native,True,235,32.638762320391834,,,7251
S,Sx_04_34_normal,Sx_04_34,4,train,,normal,best,True,275,66.6672849394381,,,7251
S,Sx_04_34_camera,Sx_04_34,4,train,,camera,native,True,260,35.33691125456244,,,7251
S,Sx_04_34_camera,Sx_04_34,4,train,,camera,best,True,250,60.742104581557214,,,7251
S,Sx_04_34_lighting,Sx_04_34,4,train,,lighting,native,True,295,41.45727408211678,,,7251
S,Sx_04_34_lighting,Sx_04_34,4,train,,lighting,best,True,275,65.9985620053485,,,7251
S,Sx_04_34_combined,Sx_04_34,4,train,,combined,native,True,260,34.718979640863836,,,7251
S,Sx_04_34_combined,Sx_04_34,4,train,,combined,best,True,250,61.19196762703359,,,7251
S,Sx_04_44_normal,Sx_04_44,4,train,,normal,native,True,245,33.14974475186318,,,7261
S,Sx_04_44_normal,Sx_04_44,4,train,,normal,best,True,240,57.41918847616762,,,7261
S,Sx_04_44_camera,Sx_04_44,4,train,,camera,native,True,325,40.98698835633695,,,7261
S,Sx_04_44_camera,Sx_04_44,4,train,,camera,best,True,255,62.030592882074416,,,7261
S,Sx_04_44_lighting,Sx_04_44,4,train,,lighting,native,True,240,32.49966919515282,,,7261
S,Sx_04_44_lighting,Sx_04_44,4,train,,lighting,best,True,230,56.82226103544235,,,7261
S,Sx_04_44_combined,Sx_04_44,4,train,,combined,native,False,500,59.21281350962818,,,7261
S,Sx_04_44_combined,Sx_04_44,4,train,,combined,best,True,290,72.65876698680222,,,7261
S,Sx_09_22_normal,Sx_09_22,9,test,,normal,native,False,500,57.55194554105401,,,12239
S,Sx_09_22_normal,Sx_09_22,9,test,,normal,best,True,210,53.743173020891845,,,12239
S,Sx_09_22_camera,Sx_09_22,9,test,,camera,native,True,440,51.743342253379524,,,12239
S,Sx_09_22_camera,Sx_09_22,9,test,,camera,best,True,170,44.394754451699555,,,12239
S,Sx_09_22_lighting,Sx_09_22,9,test,,lighting,native,False,500,57.42736899573356,,,12239
S,Sx_09_22_lighting,Sx_09_22,9,test,,lighting,best,True,205,48.38384051062167,,,12239
S,Sx_09_22_combined,Sx_09_22,9,test,,combined,native,True,290,36.49071891605854,,,12239
S,Sx_09_22_combined,Sx_09_22,9,test,,combined,best,True,205,49.62946956139058,,,12239
S,Sx_09_26_normal,Sx_09_26,9,test,,normal,native,True,200,27.307706970721483,,,12243
S,Sx_09_26_normal,Sx_09_26,9,test,,normal,best,True,170,42.14835638832301,,,12243
S,Sx_09_26_camera,Sx_09_26,9,test,,camera,native,True,170,24.315500983037055,,,12243
S,Sx_09_26_camera,Sx_09_26,9,test,,camera,best,True,190,46.1674683354795,,,12243
S,Sx_09_26_lighting,Sx_09_26,9,test,,lighting,native,True,200,26.97561673913151,,,12243
S,Sx_09_26_lighting,Sx_09_26,9,test,,lighting,best,True,200,48.174032741226256,,,12243
S,Sx_09_26_combined,Sx_09_26,9,test,,combined,native,True,175,25.2007521269843,,,12243
S,Sx_09_26_combined,Sx_09_26,9,test,,combined,best,True,190,45.30640824791044,,,12243
S,Sx_09_34_normal,Sx_09_34,9,test,,normal,native,True,160,23.446444960311055,,,12251
S,Sx_09_34_normal,Sx_09_34,9,test,,normal,best,True,185,45.16995878983289,,,12251
S,Sx_09_34_camera,Sx_09_34,9,test,,camera,native,True,195,26.831325999461114,,,12251
S,Sx_09_34_camera,Sx_09_34,9,test,,camera,best,True,210,50.49872308783233,,,12251
S,Sx_09_34_lighting,Sx_09_34,9,test,,lighting,native,True,160,23.378112075850368,,,12251
S,Sx_09_34_lighting,Sx_09_34,9,test,,lighting,best,True,180,45.08604686334729,,,12251
S,Sx_09_34_combined,Sx_09_34,9,test,,combined,native,True,250,32.46583963185549,,,12251
S,Sx_09_34_combined,Sx_09_34,9,test,,combined,best,True,205,50.40934401284903,,,12251
S,Sx_09_44_normal,Sx_09_44,9,test,,normal,native,True,180,25.35839930176735,,,12261
S,Sx_09_44_normal,Sx_09_44,9,test,,normal,best,True,170,43.06460193730891,,,12261
S,Sx_09_44_camera,Sx_09_44,9,test,,camera,native,True,160,23.32124541606754,,,12261
S,Sx_09_44_camera,Sx_09_44,9,test,,camera,best,True,200,48.95973843336105,,,12261
S,Sx_09_44_lighting,Sx_09_44,9,test,,lighting,native,True,165,23.826617600396276,,,12261
S,Sx_09_44_lighting,Sx_09_44,9,test,,lighting,best,True,175,43.85806714184582,,,12261
S,Sx_09_44_combined,Sx_09_44,9,test,,combined,native,True,155,22.803679648786783,,,12261
S,Sx_09_44_combined,Sx_09_44,9,test,,combined,best,True,175,42.535115086473525,,,12261
S,Sx_14_22_normal,Sx_14_22,14,train,,normal,native,True,90,16.569612042047083,,,17239
S,Sx_14_22_normal,Sx_14_22,14,train,,normal,best,True,90,25.689372268505394,,,17239
S,Sx_14_22_camera,Sx_14_22,14,train,,camera,native,True,80,15.424385072663426,,,17239
S,Sx_14_22_camera,Sx_14_22,14,train,,camera,best,True,90,26.14742847904563,,,17239
S,Sx_14_22_lighting,Sx_14_22,14,train,,lighting,native,True,90,16.563230509869754,,,17239
S,Sx_14_22_lighting,Sx_14_22,14,train,,lighting,best,True,90,26.173818389885128,,,17239
S,Sx_14_22_combined,Sx_14_22,14,train,,combined,native,True,70,14.446245951578021,,,17239
S,Sx_14_22_combined,Sx_14_22,14,train,,combined,best,True,90,26.139544430188835,,,17239
S,Sx_14_26_normal,Sx_14_26,14,train,,normal,native,True,85,16.03462520055473,,,17243
S,Sx_14_26_normal,Sx_14_26,14,train,,normal,best,True,180,43.40143756382167,,,17243
S,Sx_14_26_camera,Sx_14_26,14,train,,camera,native,True,85,15.961285850033164,,,17243
S,Sx_14_26_camera,Sx_14_26,14,train,,camera,best,True,95,26.979909506626427,,,17243
S,Sx_14_26_lighting,Sx_14_26,14,train,,lighting,native,True,85,15.95090730022639,,,17243
S,Sx_14_26_lighting,Sx_14_26,14,train,,lighting,best,True,95,27.30964532122016,,,17243
S,Sx_14_26_combined,Sx_14_26,14,train,,combined,native,True,85,15.96010641567409,,,17243
S,Sx_14_26_combined,Sx_14_26,14,train,,combined,best,True,95,27.541070700623095,,,17243
S,Sx_14_34_normal,Sx_14_34,14,train,,normal,native,True,80,15.615585387684405,,,17251
S,Sx_14_34_normal,Sx_14_34,14,train,,normal,best,True,85,25.12243939563632,,,17251
S,Sx_14_34_camera,Sx_14_34,14,train,,camera,native,True,75,14.9239124301821,,,17251
S,Sx_14_34_camera,Sx_14_34,14,train,,camera,best,True,80,23.526160156354308,,,17251
S,Sx_14_34_lighting,Sx_14_34,14,train,,lighting,native,True,80,15.487519418820739,,,17251
S,Sx_14_34_lighting,Sx_14_34,14,train,,lighting,best,True,85,25.459762627258897,,,17251
S,Sx_14_34_combined,Sx_14_34,14,train,,combined,native,True,80,15.479046260938048,,,17251
S,Sx_14_34_combined,Sx_14_34,14,train,,combined,best,True,80,24.98877097852528,,,17251
S,Sx_14_44_normal,Sx_14_44,14,train,,normal,native,True,85,15.986264936625957,,,17261
S,Sx_14_44_normal,Sx_14_44,14,train,,normal,best,True,125,32.55573605932295,,,17261
S,Sx_14_44_camera,Sx_14_44,14,train,,camera,native,True,90,16.70861152932048,,,17261
S,Sx_14_44_camera,Sx_14_44,14,train,,camera,best,True,90,25.51207847520709,,,17261
S,Sx_14_44_lighting,Sx_14_44,14,train,,lighting,native,True,80,15.618262996897101,,,17261
S,Sx_14_44_lighting,Sx_14_44,14,train,,lighting,best,True,95,27.201154517941177,,,17261
S,Sx_14_44_combined,Sx_14_44,14,train,,combined,native,True,90,16.640272178687155,,,17261
S,Sx_14_44_combined,Sx_14_44,14,train,,combined,best,True,95,27.60335341375321,,,17261
S,Sx_19_22_normal,Sx_19_22,19,train,,normal,native,True,80,15.639787510968745,,,22239
S,Sx_19_22_normal,Sx_19_22,19,train,,normal,best,True,80,23.440813516266644,,,22239
S,Sx_19_22_camera,Sx_19_22,19,train,,camera,native,True,95,17.166865245439112,,,22239
S,Sx_19_22_camera,Sx_19_22,19,train,,camera,best,True,100,28.58177058491856,,,22239
S,Sx_19_22_lighting,Sx_19_22,19,train,,lighting,native,True,85,16.174931450746953,,,22239
S,Sx_19_22_lighting,Sx_19_22,19,train,,lighting,best,True,80,23.876434582285583,,,22239
S,Sx_19_22_combined,Sx_19_22,19,train,,combined,native,True,95,17.367277230136096,,,22239
S,Sx_19_22_combined,Sx_19_22,19,train,,combined,best,True,100,28.02548350021243,,,22239
S,Sx_19_26_normal,Sx_19_26,19,train,,normal,native,True,80,15.456989011727273,,,22243
S,Sx_19_26_normal,Sx_19_26,19,train,,normal,best,True,85,24.53303176537156,,,22243
S,Sx_19_26_camera,Sx_19_26,19,train,,camera,native,True,75,15.647039480507374,,,22243
S,Sx_19_26_camera,Sx_19_26,19,train,,camera,best,True,100,28.415345291607082,,,22243
S,Sx_19_26_lighting,Sx_19_26,19,train,,lighting,native,True,80,15.34401689376682,,,22243
S,Sx_19_26_lighting,Sx_19_26,19,train,,lighting,best,True,85,24.977728579193354,,,22243
S,Sx_19_26_combined,Sx_19_26,19,train,,combined,native,True,75,14.876897238194942,,,22243
S,Sx_19_26_combined,Sx_19_26,19,train,,combined,best,True,100,27.811930311843753,,,22243
S,Sx_19_34_normal,Sx_19_34,19,train,,normal,native,True,70,14.470229245722294,,,22251
S,Sx_19_34_normal,Sx_19_34,19,train,,normal,best,True,80,23.306410181336105,,,22251
S,Sx_19_34_camera,Sx_19_34,19,train,,camera,native,True,80,15.509338982403278,,,22251
S,Sx_19_34_camera,Sx_19_34,19,train,,camera,best,True,75,23.261239318177104,,,22251
S,Sx_19_34_lighting,Sx_19_34,19,train,,lighting,native,True,70,14.401536392048001,,,22251
S,Sx_19_34_lighting,Sx_19_34,19,train,,lighting,best,True,80,24.171290883794427,,,22251
S,Sx_19_34_combined,Sx_19_34,19,train,,combined,native,True,80,15.59474192559719,,,22251
S,Sx_19_34_combined,Sx_19_34,19,train,,combined,best,True,80,23.950130962766707,,,22251
S,Sx_19_44_normal,Sx_19_44,19,train,,normal,native,True,75,14.938572715967894,,,22261
S,Sx_19_44_normal,Sx_19_44,19,train,,normal,best,True,80,23.99189821816981,,,22261
S,Sx_19_44_camera,Sx_19_44,19,train,,camera,native,True,65,13.862014637328684,,,22261
S,Sx_19_44_camera,Sx_19_44,19,train,,camera,best,True,75,22.26068738102913,,,22261
S,Sx_19_44_lighting,Sx_19_44,19,train,,lighting,native,True,75,14.834848496131599,,,22261
S,Sx_19_44_lighting,Sx_19_44,19,train,,lighting,best,True,80,24.33587231580168,,,22261
S,Sx_19_44_combined,Sx_19_44,19,train,,combined,native,True,65,13.93588962033391,,,22261
S,Sx_19_44_combined,Sx_19_44,19,train,,combined,best,True,75,22.487296814098954,,,22261
S,Sx_24_22_normal,Sx_24_22,24,validation,,normal,native,True,170,24.668416832573712,,,27239
S,Sx_24_22_normal,Sx_24_22,24,validation,,normal,best,True,125,33.60208384785801,,,27239
S,Sx_24_22_camera,Sx_24_22,24,validation,,camera,native,True,295,38.473434280604124,,,27239
S,Sx_24_22_camera,Sx_24_22,24,validation,,camera,best,True,160,40.61399144306779,,,27239
S,Sx_24_22_lighting,Sx_24_22,24,validation,,lighting,native,True,175,25.334377007558942,,,27239
S,Sx_24_22_lighting,Sx_24_22,24,validation,,lighting,best,True,135,35.65582477953285,,,27239
S,Sx_24_22_combined,Sx_24_22,24,validation,,combined,native,False,300,39.22681727074087,,,27239
S,Sx_24_22_combined,Sx_24_22,24,validation,,combined,best,True,170,43.06738904770464,,,27239
S,Sx_24_26_normal,Sx_24_26,24,validation,,normal,native,True,130,20.627266787923872,,,27243
S,Sx_24_26_normal,Sx_24_26,24,validation,,normal,best,True,150,38.692621803842485,,,27243
S,Sx_24_26_camera,Sx_24_26,24,validation,,camera,native,False,300,38.49405833333731,,,27243
S,Sx_24_26_camera,Sx_24_26,24,validation,,camera,best,True,210,51.582749638706446,,,27243
S,Sx_24_26_lighting,Sx_24_26,24,validation,,lighting,native,True,225,30.612753469496965,,,27243
S,Sx_24_26_lighting,Sx_24_26,24,validation,,lighting,best,True,135,35.578226116485894,,,27243
S,Sx_24_26_combined,Sx_24_26,24,validation,,combined,native,False,300,39.216669916175306,,,27243
S,Sx_24_26_combined,Sx_24_26,24,validation,,combined,best,True,135,35.21459367405623,,,27243
S,Sx_24_34_normal,Sx_24_34,24,validation,,normal,native,True,145,22.11211717966944,,,27251
S,Sx_24_34_normal,Sx_24_34,24,validation,,normal,best,True,125,32.76434736140072,,,27251
S,Sx_24_34_camera,Sx_24_34,24,validation,,camera,native,True,155,23.239511284977198,,,27251
S,Sx_24_34_camera,Sx_24_34,24,validation,,camera,best,True,200,49.375721108168364,,,27251
S,Sx_24_34_lighting,Sx_24_34,24,validation,,lighting,native,True,120,19.55211133044213,,,27251
S,Sx_24_34_lighting,Sx_24_34,24,validation,,lighting,best,True,155,41.057641848921776,,,27251
S,Sx_24_34_combined,Sx_24_34,24,validation,,combined,native,True,205,28.34157686214894,,,27251
S,Sx_24_34_combined,Sx_24_34,24,validation,,combined,best,True,230,56.173024729825556,,,27251
S,Sx_24_44_normal,Sx_24_44,24,validation,,normal,native,True,110,18.412439588457346,,,27261
S,Sx_24_44_normal,Sx_24_44,24,validation,,normal,best,True,130,34.44327490590513,,,27261
S,Sx_24_44_camera,Sx_24_44,24,validation,,camera,native,True,130,20.36447378899902,,,27261
S,Sx_24_44_camera,Sx_24_44,24,validation,,camera,best,True,140,37.361676746979356,,,27261
S,Sx_24_44_lighting,Sx_24_44,24,validation,,lighting,native,True,115,19.05067287106067,,,27261
S,Sx_24_44_lighting,Sx_24_44,24,validation,,lighting,best,True,130,34.78669674322009,,,27261
S,Sx_24_44_combined,Sx_24_44,24,validation,,combined,native,True,130,20.54237367026508,,,27261
S,Sx_24_44_combined,Sx_24_44,24,validation,,combined,best,True,140,36.54334741085768,,,27261
S,Sx_29_22_normal,Sx_29_22,29,train,,normal,native,True,120,19.544141817837954,,,32239
S,Sx_29_22_normal,Sx_29_22,29,train,,normal,best,True,180,45.961461273021996,,,32239
S,Sx_29_22_camera,Sx_29_22,29,train,,camera,native,True,210,28.885093820281327,,,32239
S,Sx_29_22_camera,Sx_29_22,29,train,,camera,best,True,165,43.65489795431495,,,32239
S,Sx_29_22_lighting,Sx_29_22,29,train,,lighting,native,True,115,19.11544316355139,,,32239
S,Sx_29_22_lighting,Sx_29_22,29,train,,lighting,best,True,205,53.25275215972215,,,32239
S,Sx_29_22_combined,Sx_29_22,29,train,,combined,native,False,300,38.3646859806031,,,32239
S,Sx_29_22_combined,Sx_29_22,29,train,,combined,best,True,175,44.73680251091719,,,32239
S,Sx_29_26_normal,Sx_29_26,29,train,,normal,native,True,115,18.897837659344077,,,32243
S,Sx_29_26_normal,Sx_29_26,29,train,,normal,best,True,120,33.17127770651132,,,32243
S,Sx_29_26_camera,Sx_29_26,29,train,,camera,native,True,115,19.02486600074917,,,32243
S,Sx_29_26_camera,Sx_29_26,29,train,,camera,best,True,120,31.52202047780156,,,32243
S,Sx_29_26_lighting,Sx_29_26,29,train,,lighting,native,True,125,20.262404612265527,,,32243
S,Sx_29_26_lighting,Sx_29_26,29,train,,lighting,best,True,110,29.634541876614094,,,32243
S,Sx_29_26_combined,Sx_29_26,29,train,,combined,native,True,130,20.688992424868047,,,32243
S,Sx_29_26_combined,Sx_29_26,29,train,,combined,best,True,120,31.76265719998628,,,32243
S,Sx_29_34_normal,Sx_29_34,29,train,,normal,native,True,265,35.00523814558983,,,32251
S,Sx_29_34_normal,Sx_29_34,29,train,,normal,best,True,120,31.64909722842276,,,32251
S,Sx_29_34_camera,Sx_29_34,29,train,,camera,native,True,130,20.74588744249195,,,32251
S,Sx_29_34_camera,Sx_29_34,29,train,,camera,best,True,125,34.49795003794134,,,32251
S,Sx_29_34_lighting,Sx_29_34,29,train,,lighting,native,True,215,29.682386067695916,,,32251
S,Sx_29_34_lighting,Sx_29_34,29,train,,lighting,best,True,120,33.70042026601732,,,32251
S,Sx_29_34_combined,Sx_29_34,29,train,,combined,native,True,130,20.903334649279714,,,32251
S,Sx_29_34_combined,Sx_29_34,29,train,,combined,best,True,120,33.63782681431621,,,32251
S,Sx_29_44_normal,Sx_29_44,29,train,,normal,native,True,125,20.195589906536043,,,32261
S,Sx_29_44_normal,Sx_29_44,29,train,,normal,best,True,120,34.01391902565956,,,32261
S,Sx_29_44_camera,Sx_29_44,29,train,,camera,native,True,125,20.045043608173728,,,32261
S,Sx_29_44_camera,Sx_29_44,29,train,,camera,best,True,135,36.132672153413296,,,32261
S,Sx_29_44_lighting,Sx_29_44,29,train,,lighting,native,True,125,20.111539255827665,,,32261
S,Sx_29_44_lighting,Sx_29_44,29,train,,lighting,best,True,120,34.052849982865155,,,32261
S,Sx_29_44_combined,Sx_29_44,29,train,,combined,native,True,165,24.44073897972703,,,32261
S,Sx_29_44_combined,Sx_29_44,29,train,,combined,best,True,135,35.5992361549288,,,32261
S,Sx_34_22_normal,Sx_34_22,34,train,,normal,native,True,90,18.33308538608253,,,37239
S,Sx_34_22_normal,Sx_34_22,34,train,,normal,best,True,95,30.281630272977054,,,37239
S,Sx_34_22_camera,Sx_34_22,34,train,,camera,native,True,90,18.431121226400137,,,37239
S,Sx_34_22_camera,Sx_34_22,34,train,,camera,best,True,90,28.149729537777603,,,37239
S,Sx_34_22_lighting,Sx_34_22,34,train,,lighting,native,True,90,18.43688619043678,,,37239
S,Sx_34_22_lighting,Sx_34_22,34,train,,lighting,best,True,95,29.27724832110107,,,37239
S,Sx_34_22_combined,Sx_34_22,34,train,,combined,native,True,85,18.071211421862245,,,37239
S,Sx_34_22_combined,Sx_34_22,34,train,,combined,best,True,90,28.5220530545339,,,37239
S,Sx_34_26_normal,Sx_34_26,34,train,,normal,native,True,90,18.473531515337527,,,37243
S,Sx_34_26_normal,Sx_34_26,34,train,,normal,best,True,115,34.3752391859889,,,37243
S,Sx_34_26_camera,Sx_34_26,34,train,,camera,native,True,150,25.291886741295457,,,37243
S,Sx_34_26_camera,Sx_34_26,34,train,,camera,best,True,100,31.047556498087943,,,37243
S,Sx_34_26_lighting,Sx_34_26,34,train,,lighting,native,True,90,18.460806931369007,,,37243
S,Sx_34_26_lighting,Sx_34_26,34,train,,lighting,best,True,115,34.769744984805584,,,37243
S,Sx_34_26_combined,Sx_34_26,34,train,,combined,native,True,175,28.171243925578892,,,37243
S,Sx_34_26_combined,Sx_34_26,34,train,,combined,best,True,100,30.199168503284454,,,37243
S,Sx_34_34_normal,Sx_34_34,34,train,,normal,native,True,90,18.533258660696447,,,37251
S,Sx_34_34_normal,Sx_34_34,34,train,,normal,best,True,100,32.0201487056911,,,37251
S,Sx_34_34_camera,Sx_34_34,34,train,,camera,native,True,90,18.566329781897366,,,37251
S,Sx_34_34_camera,Sx_34_34,34,train,,camera,best,True,95,29.26784275099635,,,37251
S,Sx_34_34_lighting,Sx_34_34,34,train,,lighting,native,True,90,18.46965396590531,,,37251
S,Sx_34_34_lighting,Sx_34_34,34,train,,lighting,best,True,115,34.4046035874635,,,37251
S,Sx_34_34_combined,Sx_34_34,34,train,,combined,native,True,90,18.404283330775797,,,37251
S,Sx_34_34_combined,Sx_34_34,34,train,,combined,best,False,300,71.72074565570801,,,37251
S,Sx_34_44_normal,Sx_34_44,34,train,,normal,native,True,140,23.837628185749054,,,37261
S,Sx_34_44_normal,Sx_34_44,34,train,,normal,best,True,100,30.610137864015996,,,37261
S,Sx_34_44_camera,Sx_34_44,34,train,,camera,native,True,100,19.549554917030036,,,37261
S,Sx_34_44_camera,Sx_34_44,34,train,,camera,best,True,185,49.49722378514707,,,37261
S,Sx_34_44_lighting,Sx_34_44,34,train,,lighting,native,True,120,21.710072131827474,,,37261
S,Sx_34_44_lighting,Sx_34_44,34,train,,lighting,best,True,100,30.842523276805878,,,37261
S,Sx_34_44_combined,Sx_34_44,34,train,,combined,native,True,110,20.684877704828978,,,37261
S,Sx_34_44_combined,Sx_34_44,34,train,,combined,best,True,170,46.0143979806453,,,37261
S,Sx_39_22_normal,Sx_39_22,39,train,,normal,native,True,120,21.813560933806002,,,42239
S,Sx_39_22_normal,Sx_39_22,39,train,,normal,best,True,130,38.079596826806664,,,42239
S,Sx_39_22_camera,Sx_39_22,39,train,,camera,native,True,120,21.878929772414267,,,42239
S,Sx_39_22_camera,Sx_39_22,39,train,,camera,best,True,135,39.28369394317269,,,42239
S,Sx_39_22_lighting,Sx_39_22,39,train,,lighting,native,True,120,21.72430155146867,,,42239
S,Sx_39_22_lighting,Sx_39_22,39,train,,lighting,best,True,130,37.230002945289016,,,42239
S,Sx_39_22_combined,Sx_39_22,39,train,,combined,native,True,125,22.310737238265574,,,42239
S,Sx_39_22_combined,Sx_39_22,39,train,,combined,best,True,240,60.14884392917156,,,42239
S,Sx_39_26_normal,Sx_39_26,39,train,,normal,native,True,120,21.95123678445816,,,42243
S,Sx_39_26_normal,Sx_39_26,39,train,,normal,best,True,125,36.85842747334391,,,42243
S,Sx_39_26_camera,Sx_39_26,39,train,,camera,native,True,125,22.479313817806542,,,42243
S,Sx_39_26_camera,Sx_39_26,39,train,,camera,best,True,115,35.04299143701792,,,42243
S,Sx_39_26_lighting,Sx_39_26,39,train,,lighting,native,True,120,22.009823033586144,,,42243
S,Sx_39_26_lighting,Sx_39_26,39,train,,lighting,best,True,125,37.44595274422318,,,42243
S,Sx_39_26_combined,Sx_39_26,39,train,,combined,native,True,115,21.447414891794324,,,42243
S,Sx_39_26_combined,Sx_39_26,39,train,,combined,best,True,115,35.89888674672693,,,42243
S,Sx_39_34_normal,Sx_39_34,39,train,,normal,native,True,115,21.317121264524758,,,42251
S,Sx_39_34_normal,Sx_39_34,39,train,,normal,best,True,120,34.37002509832382,,,42251
S,Sx_39_34_camera,Sx_39_34,39,train,,camera,native,True,120,21.912476203404367,,,42251
S,Sx_39_34_camera,Sx_39_34,39,train,,camera,best,True,125,35.19713808875531,,,42251
S,Sx_39_34_lighting,Sx_39_34,39,train,,lighting,native,True,125,22.458291147835553,,,42251
S,Sx_39_34_lighting,Sx_39_34,39,train,,lighting,best,True,125,34.849733421579,,,42251
S,Sx_39_34_combined,Sx_39_34,39,train,,combined,native,True,115,21.527970233932137,,,42251
S,Sx_39_34_combined,Sx_39_34,39,train,,combined,best,True,130,36.09735087491572,,,42251
S,Sx_39_44_normal,Sx_39_44,39,train,,normal,native,True,115,21.338713829405606,,,42261
S,Sx_39_44_normal,Sx_39_44,39,train,,normal,best,True,130,37.71894910093397,,,42261
S,Sx_39_44_camera,Sx_39_44,39,train,,camera,native,True,125,22.388318065553904,,,42261
S,Sx_39_44_camera,Sx_39_44,39,train,,camera,best,True,125,35.328879999928176,,,42261
S,Sx_39_44_lighting,Sx_39_44,39,train,,lighting,native,True,125,22.682053653523326,,,42261
S,Sx_39_44_lighting,Sx_39_44,39,train,,lighting,best,True,135,38.663695701397955,,,42261
S,Sx_39_44_combined,Sx_39_44,39,train,,combined,native,True,125,22.607582266442478,,,42261
S,Sx_39_44_combined,Sx_39_44,39,train,,combined,best,True,170,46.77391318138689,,,42261
